District,Bldg_ID,School_Name,Boro,Program_Category
"1","M015","P.S. 15","M","Domestic Piping"
"1","M015","P.S. 15","M","Heating Plant Upgrade"
"1","M015","P.S. 15","M","Student Toilets"
"1","M019","P.S. 19","M","Lighting Fixtures"
"1","M019","P.S. 19","M","Student Toilets"
"1","M025","J.H.S. 25","M","Heating Plant Upgrade"
"1","M025","J.H.S. 25","M","Heating Plant Upgrade"
"1","M025","J.H.S. 25","M","Lighting Fixtures"
"1","M034","P.S. 34","M","Heating Plant Upgrade"
"1","M060","J.H.S. 60","M","Exterior Masonry"
"1","M060","J.H.S. 60","M","Student Toilets"
"1","M061","P.S. 61","M","Electrical Systems"
"1","M061","P.S. 61","M","Exterior Masonry"
"1","M061","P.S. 61","M","Student Toilets"
"1","M063","P.S. 63","M","Student Toilets"
"1","M064","P.S. 64 (OLD 71)","M","IP Surveillance Cameras"
"1","M064","P.S. 64 (OLD 71)","M","Student Toilets"
"1","M110","P.S. 110","M","Student Toilets"
"1","M134","P.S. 134","M","Safety Systems"
"1","M134","P.S. 134","M","Student Toilets"
"1","M137","P.S. 137","M","Heating Plant Upgrade"
"1","M137","P.S. 137","M","Heating Plant Upgrade"
"1","M137","P.S. 137","M","Student Toilets"
"1","M140","P.S. 140","M","Lighting Fixtures"
"1","M142","P.S. 142","M","Lighting Fixtures"
"1","M188","P.S. 188","M","Lighting Fixtures"
"1","M188","P.S. 188","M","Student Toilets"
"2","M001","P.S. 1","M","Kitchen Areas"
"2","M001","P.S. 1","M","Student Toilets"
"2","M002","P.S. 2","M","Lighting Fixtures"
"2","M002","P.S. 2","M","Student Toilets"
"2","M003","P.S. 3","M","Lighting Fixtures"
"2","M003","P.S. 3","M","Student Toilets"
"2","M006","P.S. 6","M","Lighting Fixtures"
"2","M011","P.S. 11","M","Student Toilets"
"2","M011","P.S. 11","M","Swimming Pools"
"2","M017","I.S. 17","M","Heating Plant Upgrade"
"2","M017","I.S. 17","M","Lighting Fixtures"
"2","M017","I.S. 17","M","Student Toilets"
"2","M017","I.S. 17","M","Windows"
"2","M033","P.S. 33","M","Heating Plant Upgrade"
"2","M033","P.S. 33","M","Student Toilets"
"2","M041","P.S. 41","M","Student Toilets"
"2","M042","P.S. 42","M","Student Toilets"
"2","M047","J.H.S. 47 (SCH FOR THE DEAF)","M","Exterior Masonry"
"2","M047","J.H.S. 47 (SCH FOR THE DEAF)","M","IP Surveillance Cameras"
"2","M047","J.H.S. 47 (SCH FOR THE DEAF)","M","Parapets"
"2","M047","J.H.S. 47 (SCH FOR THE DEAF)","M","Student Toilets"
"2","M047","J.H.S. 47 (SCH FOR THE DEAF)","M","Student Toilets"
"2","M047","J.H.S. 47 (SCH FOR THE DEAF)","M","Windows"
"2","M070","I.S. 70","M","Heating Plant Upgrade"
"2","M070","I.S. 70","M","Heating Plant Upgrade"
"2","M070","I.S. 70","M","Low-Voltage Electrical Systems"
"2","M089","P.S./I.S. 89","M","Gymnasium Upgrade"
"2","M089","P.S./I.S. 89","M","Heating Plant Upgrade"
"2","M104","I.S. 104","M","Heating Plant Upgrade"
"2","M111","P.S. 111","M","Student Toilets"
"2","M116","P.S. 116","M","Boiler Conversion"
"2","M116","P.S. 116","M","Boiler Conversion"
"2","M116","P.S. 116","M","Climate Control"
"2","M116","P.S. 116","M","Climate Control"
"2","M116","P.S. 116","M","Lighting Fixtures"
"2","M124","P.S. 124 (ECF)","M","IP Surveillance Cameras"
"2","M124","P.S. 124 (ECF)","M","Waste System"
"2","M126","P.S. 126","M","Domestic Piping"
"2","M130","P.S. 130","M","Heating Plant Upgrade"
"2","M131","I.S. 131","M","Cafeteria / Multipurpose Room Upgrade"
"2","M131","I.S. 131","M","Student Toilets"
"2","M158","P.S. 158","M","Science Lab Upgrades"
"2","M167","I.S. 167","M","Cafeteria / Multipurpose Room Upgrade"
"2","M167","I.S. 167","M","Exterior Masonry"
"2","M167","I.S. 167","M","Flood Elimination"
"2","M167","I.S. 167","M","Parapets"
"2","M167","I.S. 167","M","Paved Area-Concrete"
"2","M167","I.S. 167","M","Student Toilets"
"2","M167","I.S. 167","M","Windows"
"2","M183","P.S. 183","M","Exterior Masonry"
"2","M183","P.S. 183","M","Flood Elimination"
"2","M183","P.S. 183","M","Lighting Fixtures"
"2","M183","P.S. 183","M","Lighting Fixtures"
"2","M183","P.S. 183","M","Parapets"
"2","M183","P.S. 183","M","Roofs"
"2","M198","P.S. 198","M","Boiler Conversion"
"2","M198","P.S. 198","M","Boiler Conversion"
"2","M198","P.S. 198","M","Climate Control"
"2","M198","P.S. 198","M","Climate Control"
"2","M660","SCHL OF THE FUTURE (OLD BACON)","M","Student Toilets"
"2","M777","FIT","M","Domestic Piping"
"2","M777","FIT","M","Heating Plant Upgrade"
"2","M777","FIT","M","Ventilation"
"2","M777","FIT","M","Ventilation"
"2","M777","FIT","M","Ventilation"
"2","M777","FIT","M","Ventilation"
"3","M009","P.S. 9","M","Lighting Fixtures"
"3","M044","I.S. 44","M","Student Toilets"
"3","M054","I.S. 54","M","Lighting Fixtures"
"3","M075","P.S. 75","M","Boiler Conversion"
"3","M075","P.S. 75","M","Climate Control"
"3","M075","P.S. 75","M","Lighting Fixtures"
"3","M075","P.S. 75","M","Student Toilets"
"3","M076","P.S. 76","M","Student Toilets"
"3","M084","P.S. 84","M","IP Surveillance Cameras"
"3","M084","P.S. 84","M","Waste System"
"3","M087","P.S. 87","M","Gymnasium Upgrade"
"3","M087","P.S. 87","M","Student Toilets"
"3","M088","I.S. 88","M","Gymnasium Upgrade"
"3","M088","I.S. 88","M","Lighting Fixtures"
"3","M088","I.S. 88","M","Science Lab Upgrades"
"3","M113","P.S. 241","M","Boiler Conversion"
"3","M113","P.S. 241","M","Climate Control"
"3","M113","P.S. 241","M","Lighting Fixtures"
"3","M113","P.S. 241","M","Student Toilets"
"3","M118","I.S. 118","M","Accessibility"
"3","M118","I.S. 118","M","Exterior Masonry"
"3","M118","I.S. 118","M","Lighting Fixtures"
"3","M118","I.S. 118","M","Parapets"
"3","M118","I.S. 118","M","Roofs"
"3","M144","P.S. 242 (OLD P144)","M","Heating Plant Upgrade"
"3","M149","P.S. 149 (TANDEM M207)","M","Student Toilets"
"3","M149","P.S. 149 (TANDEM M207)","M","Student Toilets"
"3","M163","P.S. 163","M","Lighting Fixtures"
"3","M163","P.S. 163","M","Playground Redevelopment and TCU Removal"
"3","M165","P.S. 165","M","Roofs"
"3","M166","P.S. 166","M","IP Surveillance Cameras"
"3","M166","P.S. 166","M","Lighting Fixtures"
"3","M166","P.S. 166","M","Lighting Fixtures"
"3","M191","P.S. 191","M","Heating Plant Upgrade"
"3","M199","P.S. 199","M","Lighting Fixtures"
"3","M208","P.S. 208 (TANDEM M185)","M","Windows"
"4","M045","I.S. 45","M","Student Toilets"
"4","M050","P.S. 50 (UDC & ECF)","M","Exterior Masonry"
"4","M050","P.S. 50 (UDC & ECF)","M","Student Toilets"
"4","M072","P.S. 72","M","Auditorium Upgrade"
"4","M072","P.S. 72","M","Playground Redevelopment"
"4","M072","P.S. 72","M","Roofs"
"4","M072","P.S. 72","M","Science Lab Upgrades"
"4","M083","P.S. 83","M","Boiler Conversion"
"4","M083","P.S. 83","M","Heating Plant Upgrade"
"4","M083","P.S. 83","M","Student Toilets"
"4","M099","I.S. 99","M","Student Toilets"
"4","M101","P.S. 101","M","IP Surveillance Cameras"
"4","M102","P.S. 102","M","Heating Plant Upgrade"
"4","M108","P.S. 108","M","Kitchen Areas"
"4","M108","P.S. 108","M","Low-Voltage Electrical Systems"
"4","M117","J.H.S. 117","M","Exterior Masonry"
"4","M117","J.H.S. 117","M","Science Lab Upgrades"
"4","M121","P.S. 38 (OLD M121)","M","Student Toilets"
"4","M146","P.S. 146","M","Student Toilets"
"4","M155","P.S. 155","M","Heating Plant Upgrade"
"4","M155","P.S. 155","M","Student Toilets"
"4","M171","P.S. 171","M","Heating Plant Upgrade"
"4","M171","P.S. 171","M","Student Toilets"
"5","M010","I.S. 10 (TANDEM M200)","M","Heating Plant Upgrade"
"5","M010","I.S. 10 (TANDEM M200)","M","Lighting Fixtures"
"5","M010","I.S. 10 (TANDEM M200)","M","Science Lab Upgrades"
"5","M036","P.S. 36","M","Student Toilets"
"5","M043","I.S. 172 (OLD 43)","M","Cafeteria / Multipurpose Room Upgrade"
"5","M043","I.S. 172 (OLD 43)","M","Gymnasium Upgrade"
"5","M043","I.S. 172 (OLD 43)","M","School Improvement and Restructuring"
"5","M046","P.S. 46","M","Lighting Fixtures"
"5","M092","P.S. 92","M","Student Toilets"
"5","M123","P.S. 123","M","Student Toilets"
"5","M125","P.S. 125","M","Accessibility"
"5","M125","P.S. 125","M","Heating Plant Upgrade"
"5","M129","P.S. 129","M","Science Lab Upgrades"
"5","M129","P.S. 129","M","Student Toilets"
"5","M133","P.S. 133","M","Student Toilets"
"5","M161","P.S. 161","M","Heating Plant Upgrade"
"5","M175","P.S. 175","M","Heating Plant Upgrade"
"5","M197","P.S. 197","M","Electrical Systems"
"5","M197","P.S. 197","M","Student Toilets"
"6","M004","P.S. 4","M","Exterior Masonry"
"6","M005","P.S. 5","M","Heating Plant Upgrade"
"6","M005","P.S. 5","M","Playground Redevelopment and TCU Removal"
"6","M005","P.S. 5","M","Windows"
"6","M008","P.S. 8","M","Heating Plant Upgrade"
"6","M028","P.S. 28","M","Lighting Fixtures"
"6","M048","P.S. 48","M","Code Compliance"
"6","M048","P.S. 48","M","Domestic Piping"
"6","M048","P.S. 48","M","Low-Voltage Electrical Systems"
"6","M048","P.S. 48","M","Playground Redevelopment and TCU Removal"
"6","M052","I.S. 52","M","Exterior Masonry"
"6","M052","I.S. 52","M","School Improvement and Restructuring"
"6","M052","I.S. 52","M","Student Toilets"
"6","M090","I.S. 90","M","Accessibility"
"6","M090","I.S. 90","M","Heating Plant Upgrade"
"6","M090","I.S. 90","M","Heating Plant Upgrade"
"6","M115","P.S. 115","M","Heating Plant Upgrade"
"6","M115","P.S. 115","M","Lighting Fixtures"
"6","M115","P.S. 115","M","Student Toilets"
"6","M128","P.S. 128","M","Boiler Conversion"
"6","M128","P.S. 128","M","Climate Control"
"6","M132","P.S. 132","M","Heating Plant Upgrade"
"6","M143","I.S. 143","M","Science Lab Upgrades"
"6","M143","I.S. 143","M","Student Toilets"
"6","M152","P.S. 152","M","Lighting Fixtures"
"6","M152","P.S. 152","M","Student Toilets"
"6","M153","P.S. 153","M","Heating Plant Upgrade"
"6","M164","I.S. 164","M","Lighting Fixtures"
"6","M164","I.S. 164","M","Student Toilets"
"6","M173","P.S. 173","M","Paved Area-Concrete"
"6","M178","P.S. 178","M","Heating Plant Upgrade"
"6","M187","P.S./I.S. 187","M","Student Toilets"
"6","M189","P.S. 189","M","Heating Plant Upgrade"
"6","M189","P.S. 189","M","Student Toilets"
"6","M192","P.S. 192","M","Science Lab Upgrades"
"6","M218","I.S. 218","M","Heating Plant Upgrade"
"6","M528","I.S. 528","M","Windows"
"6","M847","P.S. 178 MINISCHOOL","M","Low-Voltage Electrical Systems"
"6","M898","P.S. 18","M","Student Toilets"
"6","M965","I.S. 349","M","Cafeteria / Multipurpose Room Upgrade"
"7","X001","P.S. 1","X","Heating Plant Upgrade"
"7","X001","P.S. 1","X","Lighting Fixtures"
"7","X005","P.S. 5","X","Heating Plant Upgrade"
"7","X018","P.S. 18","X","Student Toilets"
"7","X025","P.S. 25","X","Student Toilets"
"7","X027","P.S. 277","X","Student Toilets"
"7","X030","P.S. 30","X","Heating Plant Upgrade"
"7","X030","P.S. 30","X","Heating Plant Upgrade"
"7","X049","P.S. 49","X","Student Toilets"
"7","X065","P.S. 65","X","Student Toilets"
"7","X139","J.H.S. 222","X","Heating Plant Upgrade"
"7","X149","J.H.S. 149","X","Science Lab Upgrades"
"7","X151","I.S. 151","X","Student Toilets"
"7","X154","P.S. 154","X","Heating Plant Upgrade"
"7","X156","P.S. 156","X","Student Toilets"
"7","X161","P.S. 161","X","Heating Plant Upgrade"
"7","X161","P.S. 161","X","Heating Plant Upgrade"
"7","X161","P.S. 161","X","Heating Plant Upgrade"
"7","X162","I.S. 162","X","Heating Plant Upgrade"
"7","X184","I.S. 184","X","Heating Plant Upgrade"
"8","X036","P.S. 36","X","Exterior Masonry"
"8","X036","P.S. 36","X","IP Surveillance Cameras"
"8","X036","P.S. 36","X","Parapets"
"8","X036","P.S. 36","X","Roofs"
"8","X036","P.S. 36","X","Safety Systems"
"8","X036","P.S. 36","X","Windows"
"8","X048","P.S. 48","X","Flood Elimination"
"8","X052","I.S. 302","X","Lighting Fixtures"
"8","X062","P.S. 62","X","Heating Plant Upgrade"
"8","X062","P.S. 62","X","Parapets"
"8","X062","P.S. 62","X","Student Toilets"
"8","X069","P.S. 69","X","IP Surveillance Cameras"
"8","X071","P.S. 71","X","Exterior Masonry"
"8","X071","P.S. 71","X","Flood Elimination"
"8","X071","P.S. 71","X","Lighting Fixtures"
"8","X071","P.S. 71","X","Parapets"
"8","X071","P.S. 71","X","Roofs"
"8","X071","P.S. 71","X","Student Toilets"
"8","X072","P.S. 72","X","Heating Plant Upgrade"
"8","X072","P.S. 72","X","IP Surveillance Cameras"
"8","X074","I.S. 201","X","Lighting Fixtures"
"8","X075","P.S. 75","X","Interior Spaces"
"8","X075","P.S. 75","X","Playground Redevelopment"
"8","X093","P.S. 93","X","Playground Redevelopment"
"8","X101","I.S. 101","X","Domestic Piping"
"8","X101","I.S. 101","X","Lighting Fixtures"
"8","X107","P.S. 107","X","Lighting Fixtures"
"8","X107","P.S. 107","X","Student Toilets"
"8","X120","I.S. 301","X","Heating Plant Upgrade"
"8","X123","I.S. 123","X","Heating Plant Upgrade"
"8","X125","I.S. 125","X","Lighting Fixtures"
"8","X125","I.S. 125","X","Student Toilets"
"8","X130","P.S. 130","X","Exterior Masonry"
"8","X130","P.S. 130","X","Flood Elimination"
"8","X130","P.S. 130","X","Heating Plant Upgrade"
"8","X130","P.S. 130","X","Parapets"
"8","X130","P.S. 130","X","Roofs"
"8","X131","I.S. 131","X","Exterior Masonry"
"8","X131","I.S. 131","X","Heating Plant Upgrade"
"8","X131","I.S. 131","X","Student Toilets"
"8","X140","P.S. 140","X","Heating Plant Upgrade"
"8","X174","I.S. 174","X","Cafeteria / Multipurpose Room Upgrade"
"8","X174","I.S. 174","X","IP Surveillance Cameras"
"8","X174","I.S. 174","X","Lighting Fixtures"
"8","X174","I.S. 174","X","Paved Area-Concrete"
"8","X174","I.S. 174","X","Student Toilets"
"8","X182","P.S. 182","X","Lighting Fixtures"
"8","X192","I.S. 192","X","Heating Plant Upgrade"
"8","X848","P.S. 48 AX (HNTS PNT ECC1)","X","Parapets"
"8","X848","P.S. 48 AX (HNTS PNT ECC1)","X","Roofs"
"8","X848","P.S. 48 AX (HNTS PNT ECC1)","X","Windows"
"9","X002","MORRISANIA SEC ED COMPLEX","X","Heating Plant Upgrade"
"9","X002","MORRISANIA SEC ED COMPLEX","X","School Improvement and Restructuring"
"9","X004","P.S. 4","X","Heating Plant Upgrade"
"9","X011","P.S. 11","X","IP Surveillance Cameras"
"9","X022","I.S. 22","X","Lighting Fixtures"
"9","X022","I.S. 22","X","Student Toilets"
"9","X028","P.S. 28","X","Heating Plant Upgrade"
"9","X028","P.S. 28","X","Playground Redevelopment and TCU Removal"
"9","X028","P.S. 28","X","Student Toilets"
"9","X035","P.S. 35","X","Parapets"
"9","X035","P.S. 35","X","Student Toilets"
"9","X053","P.S. 53","X","Heating Plant Upgrade"
"9","X055","P.S. 55","X","Student Toilets"
"9","X058","P.S. 58","X","Lighting Fixtures"
"9","X058","P.S. 58","X","Student Toilets"
"9","X063","P.S. 63","X","Student Toilets"
"9","X070","P.S. 70","X","Parapets"
"9","X070","P.S. 70","X","Roofs"
"9","X073","P.S. 73","X","Exterior Masonry"
"9","X073","P.S. 73","X","Flood Elimination"
"9","X073","P.S. 73","X","Lighting Fixtures"
"9","X073","P.S. 73","X","Parapets"
"9","X073","P.S. 73","X","Student Toilets"
"9","X082","I.S. 232","X","Domestic Piping"
"9","X082","I.S. 232","X","Flood Elimination"
"9","X082","I.S. 232","X","Heating Plant Upgrade"
"9","X082","I.S. 232","X","Student Toilets"
"9","X109","P.S. 109","X","Exterior Masonry"
"9","X109","P.S. 109","X","Flood Elimination"
"9","X109","P.S. 109","X","Heating Plant Upgrade"
"9","X109","P.S. 109","X","Heating Plant Upgrade"
"9","X109","P.S. 109","X","Heating Plant Upgrade"
"9","X109","P.S. 109","X","Lighting Fixtures"
"9","X109","P.S. 109","X","Parapets"
"9","X109","P.S. 109","X","Roofs"
"9","X109","P.S. 109","X","Student Toilets"
"9","X114","P.S. 114","X","Heating Plant Upgrade"
"9","X114","P.S. 114","X","Student Toilets"
"9","X126","P.S. 126 (ECF)","X","Heating Plant Upgrade"
"9","X132","P.S. 132","X","Heating Plant Upgrade"
"9","X147","I.S. 339 (OLD 147)","X","Exterior Masonry"
"9","X147","I.S. 339 (OLD 147)","X","Student Toilets"
"9","X147","I.S. 339 (OLD 147)","X","Windows"
"9","X148","I.S. 219 (OLD 148)","X","Heating Plant Upgrade"
"9","X171","P.S. 4 ANNEX (P171 ECC)","X","Heating Plant Upgrade"
"9","X172","P.S. 11 ANNEX (P172 ECC)","X","Flood Elimination"
"9","X229","P.S. 230/I.S. 229 (UDC)","X","Domestic Piping"
"9","X229","P.S. 230/I.S. 229 (UDC)","X","Lighting Fixtures"
"9","X229","P.S. 230/I.S. 229 (UDC)","X","Low-Voltage Electrical Systems"
"9","X235","P.S./I.S. 218","X","Accessibility"
"9","X235","P.S./I.S. 218","X","Domestic Piping"
"9","X235","P.S./I.S. 218","X","Domestic Piping"
"9","X235","P.S./I.S. 218","X","Heating Plant Upgrade"
"9","X235","P.S./I.S. 218","X","Lighting Fixtures"
"10","X003","P.S. 3","X","Paved Area-Concrete"
"10","X003","P.S. 3","X","Roofs"
"10","X003","P.S. 3","X","Ventilation"
"10","X007","P.S. 7","X","Lighting Fixtures"
"10","X009","P.S. 9 (OLD 115)","X","Boiler Conversion"
"10","X009","P.S. 9 (OLD 115)","X","Climate Control"
"10","X009","P.S. 9 (OLD 115)","X","Lighting Fixtures"
"10","X015","P.S. 15","X","Flood Elimination"
"10","X020","P.S. 20","X","Auditorium Upgrade"
"10","X020","P.S. 20","X","Gymnasium Upgrade"
"10","X020","P.S. 20","X","Roofs"
"10","X024","P.S. 24","X","Lighting Fixtures"
"10","X026","P.S. 396","X","Heating Plant Upgrade"
"10","X032","P.S. 32","X","Heating Plant Upgrade"
"10","X033","P.S. 33","X","Lighting Fixtures"
"10","X033","P.S. 33","X","Student Toilets"
"10","X046","P.S. 46 ADDITION","X","Heating Plant Upgrade"
"10","X046","P.S. 46","X","Student Toilets"
"10","X079","P.S. 79","X","Cafeteria / Multipurpose Room Upgrade"
"10","X079","P.S. 79","X","Heating Plant Upgrade"
"10","X080","I.S. 80/P.S. 280","X","Accessibility"
"10","X080","I.S. 80/P.S. 280","X","Heating Plant Upgrade"
"10","X080","I.S. 80/P.S. 280","X","Lighting Fixtures"
"10","X080","I.S. 80/P.S. 280","X","Playground Redevelopment and TCU Removal"
"10","X081","P.S. 81","X","Exterior Masonry"
"10","X081","P.S. 81","X","Flood Elimination"
"10","X081","P.S. 81","X","Heating Plant Upgrade"
"10","X081","P.S. 81","X","Roofs"
"10","X081","P.S. 81","X","Student Toilets"
"10","X085","P.S. 85","X","Flood Elimination"
"10","X085","P.S. 85","X","Lighting Fixtures"
"10","X085","P.S. 85","X","Parapets"
"10","X085","P.S. 85","X","Roofs"
"10","X085","P.S. 85","X","Safety Systems"
"10","X085","P.S. 85","X","Student Toilets"
"10","X086","P.S. 86","X","Student Toilets"
"10","X091","P.S. 91","X","Floors"
"10","X091","P.S. 91","X","Lighting Fixtures"
"10","X091","P.S. 91","X","Student Toilets"
"10","X094","P.S. 94","X","Student Toilets"
"10","X095","P.S. 95","X","Exterior Masonry"
"10","X095","P.S. 95","X","Parapets"
"10","X115","I.S. 399 (OLD X HS/115)","X","Accessibility"
"10","X115","I.S. 399 (OLD X HS/115)","X","Heating Plant Upgrade"
"10","X115","I.S. 399 (OLD X HS/115)","X","Lighting Fixtures"
"10","X115","I.S. 399 (OLD X HS/115)","X","Roofs"
"10","X122","P.S. 310","X","IP Surveillance Cameras"
"10","X122","P.S. 310","X","Lighting Fixtures"
"10","X143","I.S. 143","X","Exterior Masonry"
"10","X143","I.S. 143","X","Flood Elimination"
"10","X143","I.S. 143","X","Lighting Fixtures"
"10","X143","I.S. 143","X","Parapets"
"10","X143","I.S. 143","X","Roofs"
"10","X143","I.S. 143","X","Student Toilets"
"10","X206","I.S. 206B","X","Heating Plant Upgrade"
"10","X206","I.S. 206B","X","Student Toilets"
"10","X254","I.S. 254","X","Exterior Masonry"
"10","X254","I.S. 254","X","Roofs"
"10","X306","P.S. 306","X","Heating Plant Upgrade"
"10","X360","P.S. 360","X","Heating Plant Upgrade"
"10","X368","M.S./H.S. 368","X","Exterior Masonry"
"10","X368","M.S./H.S. 368","X","IP Surveillance Cameras"
"10","X826","P.S. 226 MINISCHOOL","X","Exterior Masonry"
"10","X826","P.S. 226 MINISCHOOL","X","Flood Elimination"
"10","X826","P.S. 226 MINISCHOOL","X","Roofs"
"10","X832","P.S. 32 MINISCHOOL","X","Heating Plant Upgrade"
"10","X843","P.S. 246 (POE CENTER)","X","Elevators and Escalators"
"10","X843","P.S. 246 (POE CENTER)","X","Exterior Masonry"
"10","X843","P.S. 246 (POE CENTER)","X","Flood Elimination"
"10","X843","P.S. 246 (POE CENTER)","X","Parapets"
"10","X843","P.S. 246 (POE CENTER)","X","Paved Area-Concrete"
"10","X843","P.S. 246 (POE CENTER)","X","Roofs"
"11","X016","P.S. 16","X","Flood Elimination"
"11","X016","P.S. 16","X","Lighting Fixtures"
"11","X016","P.S. 16","X","Paved Area-Concrete"
"11","X016","P.S. 16","X","Student Toilets"
"11","X021","P.S. 21","X","Heating Plant Upgrade"
"11","X021","P.S. 21","X","IP Surveillance Cameras"
"11","X041","P.S. 41","X","Boiler Conversion"
"11","X041","P.S. 41","X","Climate Control"
"11","X041","P.S. 41","X","Heating Plant Upgrade"
"11","X041","P.S. 41","X","Lighting Fixtures"
"11","X068","P.S. 68","X","Auditorium Upgrade"
"11","X068","P.S. 68","X","Heating Plant Upgrade"
"11","X076","P.S. 76","X","Playground Redevelopment"
"11","X078","P.S. 78","X","Playground Redevelopment"
"11","X078","P.S. 78","X","Student Toilets"
"11","X083","P.S. 83","X","Domestic Piping"
"11","X083","P.S. 83","X","Heating Plant Upgrade"
"11","X083","P.S. 83","X","Heating Plant Upgrade"
"11","X087","P.S. 87","X","Student Toilets"
"11","X089","P.S. 89","X","Heating Plant Upgrade"
"11","X089","P.S. 89","X","Lighting Fixtures"
"11","X097","P.S. 97","X","Playground Redevelopment"
"11","X103","P.S. 103","X","Lighting Fixtures"
"11","X105","P.S. 105","X","Parapets"
"11","X105","P.S. 105","X","Student Toilets"
"11","X108","P.S. 108","X","Playground Redevelopment"
"11","X111","P.S. 111","X","Heating Plant Upgrade"
"11","X111","P.S. 111","X","Lighting Fixtures"
"11","X112","P.S. 112","X","Lighting Fixtures"
"11","X113","I.S. 113","X","Cafeteria / Multipurpose Room Upgrade"
"11","X113","I.S. 113","X","Student Toilets"
"11","X121","P.S. 121","X","Heating Plant Upgrade"
"11","X121","P.S. 121","X","Lighting Fixtures"
"11","X121","P.S. 121","X","Student Toilets"
"11","X127","I.S. 127","X","Accessibility"
"11","X127","I.S. 127","X","Heating Plant Upgrade"
"11","X127","I.S. 127","X","Lighting Fixtures"
"11","X135","I.S. 135","X","Heating Plant Upgrade"
"11","X135","I.S. 135","X","Interior Spaces"
"11","X135","I.S. 135","X","Student Toilets"
"11","X142","I.S. 142","X","Flood Elimination"
"11","X142","I.S. 142","X","Heating Plant Upgrade"
"11","X144","I.S. 144","X","Boiler Conversion"
"11","X144","I.S. 144","X","Climate Control"
"11","X144","I.S. 144","X","Heating Plant Upgrade"
"11","X175","P.S. 175","X","Heating Plant Upgrade"
"11","X178","P.S. 178","X","IP Surveillance Cameras"
"11","X194","P.S./I.S. 194","X","Gymnasium Upgrade"
"12","X044","P.S. 44","X","IP Surveillance Cameras"
"12","X044","P.S. 44","X","Parapets"
"12","X044","P.S. 44","X","Roofs"
"12","X047","P.S. 47","X","Exterior Masonry"
"12","X047","P.S. 47","X","Flood Elimination"
"12","X047","P.S. 47","X","Heating Plant Upgrade"
"12","X047","P.S. 47","X","Lighting Fixtures"
"12","X047","P.S. 47","X","Parapets"
"12","X047","P.S. 47","X","Roofs"
"12","X067","P.S. 67","X","Heating Plant Upgrade"
"12","X067","P.S. 67","X","Heating Plant Upgrade"
"12","X067","P.S. 67","X","Student Toilets"
"12","X092","P.S. 92","X","Lighting Fixtures"
"12","X092","P.S. 92","X","Parapets"
"12","X098","I.S. 98","X","Heating Plant Upgrade"
"12","X098","I.S. 98","X","Student Toilets"
"12","X102","P.S. 102","X","Heating Plant Upgrade"
"12","X102","P.S. 102","X","Lighting Fixtures"
"12","X102","P.S. 102","X","Roofs"
"12","X129","I.S. 129 (PAIRED W P234)","X","Cafeteria / Multipurpose Room Upgrade"
"12","X129","I.S. 129 (PAIRED W P234)","X","Heating Plant Upgrade"
"12","X150","P.S. 150","X","Heating Plant Upgrade"
"12","X158","I.S. 158","X","Student Toilets"
"12","X167","P.S. 214","X","Lighting Fixtures"
"12","X167","P.S. 214","X","Student Toilets"
"12","X193","P.S. 211","X","Lighting Fixtures"
"13","K003","P.S. 3","K","Low-Voltage Electrical Systems"
"13","K003","P.S. 3","K","Student Toilets"
"13","K009","P.S. 9","K","Heating Plant Upgrade"
"13","K009","P.S. 9","K","Playground Redevelopment"
"13","K011","P.S. 11","K","Lighting Fixtures"
"13","K020","P.S. 20","K","Heating Plant Upgrade"
"13","K020","P.S. 20","K","Student Toilets"
"13","K044","P.S. 44","K","Low-Voltage Electrical Systems"
"13","K046","P.S. 46","K","Auditorium Upgrade"
"13","K054","P.S. 54","K","Heating Plant Upgrade"
"13","K056","P.S. 56","K","Lighting Fixtures"
"13","K067","P.S. 67","K","Heating Plant Upgrade"
"13","K067","P.S. 67","K","Lighting Fixtures"
"13","K067","P.S. 67","K","Student Toilets"
"13","K093","P.S. 93","K","Heating Plant Upgrade"
"13","K093","P.S. 93","K","Lighting Fixtures"
"13","K113","I.S. 113","K","Climate Control"
"13","K113","I.S. 113","K","Student Toilets"
"13","K117","I.S. 117","K","Cafeteria / Multipurpose Room Upgrade"
"13","K117","I.S. 117","K","Parapets"
"13","K117","I.S. 117","K","Roofs"
"13","K258","I.S. 258","K","Low-Voltage Electrical Systems"
"13","K265","I.S. 265","K","Heating Plant Upgrade"
"13","K270","P.S. 270","K","Heating Plant Upgrade"
"13","K270","P.S. 270","K","Lighting Fixtures"
"13","K270","P.S. 270","K","Lighting Fixtures"
"13","K282","P.S. 282","K","Student Toilets"
"13","K287","P.S. 287","K","Lighting Fixtures"
"13","K305","P.S. 305","K","Student Toilets"
"13","K307","P.S. 307","K","Heating Plant Upgrade"
"13","K307","P.S. 307","K","Parapets"
"13","K307","P.S. 307","K","Roofs"
"13","K307","P.S. 307","K","Student Toilets"
"14","K017","P.S. 17","K","Floors"
"14","K017","P.S. 17","K","Heating Plant Upgrade"
"14","K017","P.S. 17","K","Lighting Fixtures"
"14","K017","P.S. 17","K","Lighting Fixtures"
"14","K017","P.S. 17","K","Student Toilets"
"14","K018","P.S. 18","K","Student Toilets"
"14","K019","P.S. 19","K","Climate Control"
"14","K023","P.S. 23","K","Heating Plant Upgrade"
"14","K031","P.S. 31 (OLD 126)","K","Student Toilets"
"14","K033","I.S. 33","K","Student Toilets"
"14","K034","P.S. 34","K","Student Toilets"
"14","K049","I.S. 49","K","IP Surveillance Cameras"
"14","K059","P.S. 59","K","Climate Control"
"14","K071","I.S. 71","K","Student Toilets"
"14","K126","J.H.S. 126","K","Heating Plant Upgrade"
"14","K147","P.S. 147","K","Student Toilets"
"14","K157","P.S. 157","K","Student Toilets"
"14","K196","P.S. 196","K","IP Surveillance Cameras"
"14","K196","P.S. 196","K","Student Toilets"
"14","K257","P.S. 257","K","Student Toilets"
"14","K297","P.S. 297","K","Heating Plant Upgrade"
"14","K297","P.S. 297","K","Student Toilets"
"14","K318","I.S. 318","K","Heating Plant Upgrade"
"14","K318","I.S. 318","K","Lighting Fixtures"
"14","K319","P.S. 319","K","Lighting Fixtures"
"14","K380","P.S. 380","K","Heating Plant Upgrade"
"15","K010","P.S. 10","K","Lighting Fixtures"
"15","K015","P.S. 15","K","Domestic Piping"
"15","K015","P.S. 15","K","Heating Plant Upgrade"
"15","K015","P.S. 15","K","Student Toilets"
"15","K024","P.S. 24","K","Accessibility"
"15","K024","P.S. 24","K","Heating Plant Upgrade"
"15","K027","P.S. 27","K","Exterior Masonry"
"15","K027","P.S. 27","K","Parapets"
"15","K027","P.S. 27","K","Student Toilets"
"15","K029","P.S. 29","K","Student Toilets"
"15","K032","P.S. 32 ADDITION","K","Student Toilets"
"15","K038","P.S. 38","K","Lighting Fixtures"
"15","K038","P.S. 38","K","Student Toilets"
"15","K088","I.S. 88","K","Boiler Conversion"
"15","K088","I.S. 88","K","Climate Control"
"15","K088","I.S. 88","K","Student Toilets"
"15","K088","I.S. 88","K","Student Toilets"
"15","K094","P.S. 94","K","Heating Plant Upgrade"
"15","K124","P.S. 124","K","Exterior Masonry"
"15","K124","P.S. 124","K","Flood Elimination"
"15","K124","P.S. 124","K","Parapets"
"15","K124","P.S. 124","K","Roofs"
"15","K124","P.S. 124","K","Student Toilets"
"15","K130","P.S. 130","K","Parapets"
"15","K130","P.S. 130","K","Roofs"
"15","K131","P.S. 131","K","Flood Elimination"
"15","K131","P.S. 131","K","Lighting Fixtures"
"15","K131","P.S. 131","K","Parapets"
"15","K131","P.S. 131","K","Roofs"
"15","K136","I.S. 136","K","Domestic Piping"
"15","K136","I.S. 136","K","Flood Elimination"
"15","K136","I.S. 136","K","IP Surveillance Cameras"
"15","K136","I.S. 136","K","Low-Voltage Electrical Systems"
"15","K154","P.S. 154","K","Interior Spaces"
"15","K154","P.S. 154","K","Student Toilets"
"15","K169","P.S. 169","K","Heating Plant Upgrade"
"15","K172","P.S. 172","K","Heating Plant Upgrade"
"15","K293","J.H.S. 293","K","Library Upgrade"
"15","K293","J.H.S. 293","K","Parapets"
"15","K293","J.H.S. 293","K","Student Toilets"
"15","K321","P.S. 321","K","IP Surveillance Cameras"
"15","K321","P.S. 321","K","Lighting Fixtures"
"15","K321","P.S. 321","K","Low-Voltage Electrical Systems"
"15","K321","P.S. 321","K","Playground Redevelopment"
"15","K321","P.S. 321","K","Student Toilets"
"15","K763","P.S. 118 MAURICE SENDAK COMMUNITY SCH","K","Lighting Fixtures"
"15","K763","P.S. 118 MAURICE SENDAK COMMUNITY SCH","K","Lighting Fixtures"
"15","K845","P.S. 295","K","Exterior Masonry"
"15","K845","P.S. 295","K","Floors"
"15","K845","P.S. 295","K","Gymnasium Upgrade"
"15","K845","P.S. 295","K","Parapets"
"15","K845","P.S. 295","K","Reinforcing Support Elements"
"15","K845","P.S. 295","K","Roofs"
"15","K908","P.S. 230 ANNEX","K","Lighting Fixtures"
"16","K005","P.S. 5","K","Playground Redevelopment"
"16","K021","P.S. 21","K","IP Surveillance Cameras"
"16","K021","P.S. 21","K","Student Toilets"
"16","K025","P.S. 25","K","Exterior Masonry"
"16","K025","P.S. 25","K","Parapets"
"16","K025","P.S. 25","K","Roofs"
"16","K025","P.S. 25","K","Safety Systems"
"16","K026","P.S. 26","K","Low-Voltage Electrical Systems"
"16","K035","I.S. 35","K","Lighting Fixtures"
"16","K040","P.S. 40","K","Accessibility"
"16","K040","P.S. 40","K","Lighting Fixtures"
"16","K057","J.H.S. 57","K","Lighting Fixtures"
"16","K057","J.H.S. 57","K","Lighting Fixtures"
"16","K081","P.S. 81","K","IP Surveillance Cameras"
"16","K081","P.S. 81","K","Student Toilets"
"16","K243","P.S. 243","K","Heating Plant Upgrade"
"16","K304","P.S. 304","K","Exterior Masonry"
"16","K304","P.S. 304","K","Student Toilets"
"16","K309","P.S. 309","K","Lighting Fixtures"
"16","K309","P.S. 309","K","Lighting Fixtures"
"16","K309","P.S. 309","K","Playground Redevelopment"
"16","K335","P.S. 335","K","Student Toilets"
"17","K002","I.S. 2","K","Heating Plant Upgrade"
"17","K002","I.S. 2","K","Safety Systems"
"17","K006","P.S. 6","K","Heating Plant Upgrade"
"17","K006","P.S. 6","K","Low-Voltage Electrical Systems"
"17","K022","P.S. 22","K","Climate Control"
"17","K061","I.S. 61","K","Student Toilets"
"17","K091","P.S. 91","K","Reinforcing Support Elements"
"17","K092","P.S. 92","K","Lighting Fixtures"
"17","K092","P.S. 92","K","Low-Voltage Electrical Systems"
"17","K138","P.S. 138","K","Lighting Fixtures"
"17","K138","P.S. 138","K","Student Toilets"
"17","K167","P.S. 167","K","Safety Systems"
"17","K189","P.S. 189","K","Student Toilets"
"17","K191","P.S. 191","K","Lighting Fixtures"
"17","K191","P.S. 191","K","Student Toilets"
"17","K210","I.S. 394","K","Flood Elimination"
"17","K210","I.S. 394","K","Lighting Fixtures"
"17","K221","P.S. 221","K","Air Conditioning Split System"
"17","K221","P.S. 221","K","Heating Plant Upgrade"
"17","K241","P.S. 241","K","Lighting Fixtures"
"17","K241","P.S. 241","K","Lighting Fixtures"
"17","K241","P.S. 241","K","Student Toilets"
"17","K246","I.S. 246","K","Air Conditioning Retrofit"
"17","K246","I.S. 246","K","Student Toilets"
"17","K249","P.S. 249","K","Heating Plant Upgrade"
"17","K249","P.S. 249","K","Student Toilets"
"17","K289","P.S. 289","K","Accessibility"
"17","K289","P.S. 289","K","Lighting Fixtures"
"17","K289","P.S. 289","K","Lighting Fixtures"
"17","K320","P.S. 375","K","Heating Plant Upgrade"
"17","K390","I.S. 390","K","Heating Plant Upgrade"
"17","K390","I.S. 390","K","Heating Plant Upgrade"
"17","K390","I.S. 390","K","Library Upgrade"
"17","K390","I.S. 390","K","Lighting Fixtures"
"17","K391","I.S. 391","K","Heating Plant Upgrade"
"17","K391","I.S. 391","K","Lighting Fixtures"
"17","K391","I.S. 391","K","Student Toilets"
"17","K398","P.S. 398 (UDC)","K","Heating Plant Upgrade"
"17","K398","P.S. 398 (UDC)","K","Lighting Fixtures"
"17","K398","P.S. 398 (UDC)","K","Waste System"
"17","K399","P.S. 399","K","Heating Plant Upgrade"
"17","K874","I.S. 340 (OLD 249 AX)","K","Flood Elimination"
"17","K889","P.S. 189 MINISCHOOL","K","Heating Plant Upgrade"
"18","K068","I.S. 68","K","Heating Plant Upgrade"
"18","K068","I.S. 68","K","Heating Plant Upgrade"
"18","K114","P.S. 114","K","Heating Plant Upgrade"
"18","K114","P.S. 114","K","Student Toilets"
"18","K135","P.S. 135","K","Student Toilets"
"18","K208","P.S. 208","K","Flood Elimination"
"18","K208","P.S. 208","K","Roofs"
"18","K208","P.S. 208","K","Student Toilets"
"18","K208","P.S. 208","K","Windows"
"18","K211","I.S. 211","K","IP Surveillance Cameras"
"18","K211","I.S. 211","K","Student Toilets"
"18","K219","P.S. 219","K","Exterior Masonry"
"18","K219","P.S. 219","K","Parapets"
"18","K219","P.S. 219","K","Playground Redevelopment and TCU Removal"
"18","K219","P.S. 219","K","Roofs"
"18","K232","I.S. 232","K","Student Toilets"
"18","K233","P.S. 233","K","Student Toilets"
"18","K235","P.S. 235","K","Playground Redevelopment and TCU Removal"
"18","K235","P.S. 235","K","Student Toilets"
"18","K242","P.S. 235 ANNEX","K","Reinforcing Support Elements"
"18","K242","P.S. 235 ANNEX","K","Student Toilets"
"18","K244","P.S. 244","K","Flood Elimination"
"18","K244","P.S. 244","K","Lighting Fixtures"
"18","K244","P.S. 244","K","Parapets"
"18","K244","P.S. 244","K","Roofs"
"18","K244","P.S. 244","K","Windows"
"18","K252","I.S. 252","K","Student Toilets"
"18","K268","P.S. 268","K","Playground Redevelopment and TCU Removal"
"18","K272","P.S. 272","K","Exterior Masonry"
"18","K272","P.S. 272","K","Flood Elimination"
"18","K272","P.S. 272","K","Heating Plant Upgrade"
"18","K272","P.S. 272","K","Heating Plant Upgrade"
"18","K272","P.S. 272","K","Lighting Fixtures"
"18","K272","P.S. 272","K","Parapets"
"18","K272","P.S. 272","K","Playground Redevelopment and TCU Removal"
"18","K272","P.S. 272","K","Roofs"
"18","K276","P.S. 276","K","Exterior Masonry"
"18","K276","P.S. 276","K","Lighting Fixtures"
"18","K276","P.S. 276","K","Paved Area-Blacktop"
"18","K276","P.S. 276","K","Playground Redevelopment and TCU Removal"
"18","K279","P.S. 279","K","Domestic Piping"
"18","K279","P.S. 279","K","Elevators and Escalators"
"18","K279","P.S. 279","K","Heating Plant Upgrade"
"18","K279","P.S. 279","K","Lighting Fixtures"
"18","K279","P.S. 279","K","Low-Voltage Electrical Systems"
"18","K279","P.S. 279","K","Playground Redevelopment"
"18","K285","I.S. 285","K","Student Toilets"
"18","K860","P.S. 219 ANNEX","K","Heating Plant Upgrade"
"19","K007","P.S. 7","K","Accessibility"
"19","K007","P.S. 7","K","Heating Plant Upgrade"
"19","K007","P.S. 7","K","Lighting Fixtures"
"19","K013","P.S. 13","K","Heating Plant Upgrade"
"19","K013","P.S. 13","K","Lighting Fixtures"
"19","K013","P.S. 13","K","Lighting Fixtures"
"19","K072","P.S. 72","K","Heating Plant Upgrade"
"19","K108","P.S. 108","K","Heating Plant Upgrade"
"19","K108","P.S. 108","K","Student Toilets"
"19","K158","P.S. 158","K","Lighting Fixtures"
"19","K158","P.S. 158","K","Low-Voltage Electrical Systems"
"19","K159","P.S. 159","K","Student Toilets"
"19","K166","I.S. 166","K","Student Toilets"
"19","K171","I.S. 171","K","IP Surveillance Cameras"
"19","K171","I.S. 171","K","Student Toilets"
"19","K174","P.S. 174","K","Heating Plant Upgrade"
"19","K174","P.S. 174","K","Lighting Fixtures"
"19","K174","P.S. 174","K","Student Toilets"
"19","K190","P.S. 190","K","Lighting Fixtures"
"19","K202","P.S. 202","K","Lighting Fixtures"
"19","K213","P.S. 213","K","Heating Plant Upgrade"
"19","K214","P.S. 214","K","Lighting Fixtures"
"19","K214","P.S. 214","K","Playground Redevelopment and TCU Removal"
"19","K214","P.S. 214","K","Student Toilets"
"19","K218","I.S. 218","K","Cafeteria / Multipurpose Room Upgrade"
"19","K218","I.S. 218","K","Exterior Masonry"
"19","K218","I.S. 218","K","Student Toilets"
"19","K224","P.S. 224","K","Heating Plant Upgrade"
"19","K224","P.S. 224","K","Lighting Fixtures"
"19","K224","P.S. 224","K","Lighting Fixtures"
"19","K273","P.S. 273","K","Climate Control"
"19","K273","P.S. 273","K","Heating Plant Upgrade"
"19","K273","P.S. 273","K","Lighting Fixtures"
"19","K290","P.S. 290","K","Heating Plant Upgrade"
"19","K290","P.S. 290","K","IP Surveillance Cameras"
"19","K290","P.S. 290","K","Parapets"
"19","K290","P.S. 290","K","Playground Redevelopment and TCU Removal"
"19","K290","P.S. 290","K","Windows"
"19","K292","I.S. 292","K","Heating Plant Upgrade"
"19","K292","I.S. 292","K","Lighting Fixtures"
"19","K292","I.S. 292","K","Lighting Fixtures"
"19","K302","I.S. 302","K","Playground Redevelopment and TCU Removal"
"19","K306","P.S. 306","K","Heating Plant Upgrade"
"19","K306","P.S. 306","K","Lighting Fixtures"
"19","K306","P.S. 306","K","Student Toilets"
"19","K328","P.S. 328","K","Heating Plant Upgrade"
"19","K328","P.S. 328","K","Playground Redevelopment"
"19","K345","P.S. 345","K","Playground Redevelopment"
"19","K346","P.S. 346","K","Accessibility"
"19","K346","P.S. 346","K","Heating Plant Upgrade"
"19","K346","P.S. 346","K","Lighting Fixtures"
"19","K798","CESIAH TORO MULLANE SCHOOL","K","Lighting Fixtures"
"19","K814","CYPRESS HILLS COMMUNITY SCHOOL","K","Lighting Fixtures"
"19","K848","P.S. 149 ANNEX","K","Lighting Fixtures"
"20","K048","P.S. 48","K","Flood Elimination"
"20","K048","P.S. 48","K","Student Toilets"
"20","K104","P.S. 104","K","IP Surveillance Cameras"
"20","K105","P.S. 105","K","Exterior Masonry"
"20","K105","P.S. 105","K","Flood Elimination"
"20","K105","P.S. 105","K","Roofs"
"20","K112","P.S. 112","K","Playground Redevelopment and TCU Removal"
"20","K127","P.S. 127","K","Boiler Conversion"
"20","K160","P.S. 160","K","Exterior Masonry"
"20","K160","P.S. 160","K","Flood Elimination"
"20","K160","P.S. 160","K","Parapets"
"20","K163","P.S. 163","K","Student Toilets"
"20","K164","P.S. 164","K","Climate Control"
"20","K164","P.S. 164","K","Parapets"
"20","K164","P.S. 164","K","Roofs"
"20","K170","P.S. 170","K","Air Conditioning Split System"
"20","K170","P.S. 170","K","Heating Plant Upgrade"
"20","K176","P.S. 176","K","Lighting Fixtures"
"20","K179","P.S. 179","K","Student Toilets"
"20","K180","P.S. 180","K","Lighting Fixtures"
"20","K180","P.S. 180","K","Student Toilets"
"20","K186","P.S. 186","K","Heating Plant Upgrade"
"20","K186","P.S. 186","K","Low-Voltage Electrical Systems"
"20","K192","P.S. 192","K","Flood Elimination"
"20","K192","P.S. 192","K","Parapets"
"20","K192","P.S. 192","K","Roofs"
"20","K192","P.S. 192","K","Student Toilets"
"20","K204","P.S. 204","K","Heating Plant Upgrade"
"20","K204","P.S. 204","K","Lighting Fixtures"
"20","K204","P.S. 204","K","Lighting Fixtures"
"20","K205","P.S. 205","K","Lighting Fixtures"
"20","K220","I.S. 220","K","Science Lab Upgrades"
"20","K223","I.S. 223","K","Playground Redevelopment"
"20","K223","I.S. 223","K","Science Lab Upgrades"
"20","K227","I.S. 227","K","IP Surveillance Cameras"
"20","K229","P.S. 229","K","Lighting Fixtures"
"20","K229","P.S. 229","K","Lighting Fixtures"
"20","K259","I.S. 259","K","Parapets"
"20","K259","I.S. 259","K","Roofs"
"20","K259","I.S. 259","K","Student Toilets"
"20","K314","P.S. 314","K","Accessibility"
"20","K314","P.S. 314","K","Heating Plant Upgrade"
"20","K314","P.S. 314","K","Lighting Fixtures"
"20","K314","P.S. 314","K","Parapets"
"20","K314","P.S. 314","K","Roofs"
"20","K314","P.S. 314","K","Student Toilets"
"20","K314","P.S. 314","K","Ventilation"
"20","K331","P.S./I.S. 30 MARY WHITE OVINGTON","K","Accessibility"
"20","K486","I.S. 187","K","IP Surveillance Cameras"
"20","K486","I.S. 187","K","Student Toilets"
"20","K940","I.S. 30","K","Heating Plant Upgrade"
"20","K971","P.S. 971","K","Lighting Fixtures"
"21","K043","I.S. 98","K","Student Toilets"
"21","K090","P.S. 90","K","Heating Plant Upgrade"
"21","K090","P.S. 90","K","Roofs"
"21","K090","P.S. 90","K","Student Toilets"
"21","K095","P.S. 95","K","IP Surveillance Cameras"
"21","K095","P.S. 95","K","Student Toilets"
"21","K096","I.S. 96","K","Heating Plant Upgrade"
"21","K097","P.S. 97","K","Heating Plant Upgrade"
"21","K097","P.S. 97","K","Student Toilets"
"21","K099","P.S. 99","K","Exterior Masonry"
"21","K099","P.S. 99","K","Parapets"
"21","K099","P.S. 99","K","Roofs"
"21","K099","P.S. 99","K","Safety Systems"
"21","K099","P.S. 99","K","Student Toilets"
"21","K100","P.S. 100","K","Lighting Fixtures"
"21","K100","P.S. 100","K","Student Toilets"
"21","K101","P.S. 101","K","Exterior Masonry"
"21","K101","P.S. 101","K","Lighting Fixtures"
"21","K101","P.S. 101","K","Parapets"
"21","K101","P.S. 101","K","Roofs"
"21","K121","P.S. 121","K","Lighting Fixtures"
"21","K128","P.S. 128 (TANDEM BROOKLYN STUDIO)","K","Emergency Lighting and Fire Safety Retrofits"
"21","K128","P.S. 128 (TANDEM BROOKLYN STUDIO)","K","Exterior Masonry"
"21","K128","P.S. 128 (TANDEM BROOKLYN STUDIO)","K","Windows"
"21","K153","P.S. 153","K","Student Toilets"
"21","K188","P.S. 188","K","Heating Plant Upgrade"
"21","K188","P.S. 188","K","Low-Voltage Electrical Systems"
"21","K212","P.S. 212","K","Parapets"
"21","K212","P.S. 212","K","Roofs"
"21","K212","P.S. 212","K","Windows"
"21","K225","P.S. 225","K","Flood Elimination"
"21","K225","P.S. 225","K","Lighting Fixtures"
"21","K225","P.S. 225","K","Roofs"
"21","K228","I.S. 228","K","Cafeteria / Multipurpose Room Upgrade"
"21","K228","I.S. 228","K","Domestic Piping"
"21","K228","I.S. 228","K","Student Toilets"
"21","K228","I.S. 228","K","Student Toilets"
"21","K238","P.S. 238","K","Parapets"
"21","K238","P.S. 238","K","Student Toilets"
"21","K239","I.S. 239","K","Lighting Fixtures"
"21","K239","I.S. 239","K","Student Toilets"
"21","K253","P.S. 253","K","Paved Area-Blacktop"
"21","K281","I.S. 281","K","Cafeteria / Multipurpose Room Upgrade"
"21","K281","I.S. 281","K","Flood Elimination"
"21","K281","I.S. 281","K","IP Surveillance Cameras"
"21","K281","I.S. 281","K","Lighting Fixtures"
"21","K281","I.S. 281","K","Low-Voltage Electrical Systems"
"21","K288","P.S. 288","K","Student Toilets"
"21","K303","I.S. 303","K","Heating Plant Upgrade"
"21","K303","I.S. 303","K","Library Upgrade"
"21","K303","I.S. 303","K","Lighting Fixtures"
"21","K329","P.S. 329","K","Lighting Fixtures"
"21","K329","P.S. 329","K","Playground Redevelopment"
"21","K329","P.S. 329","K","Student Toilets"
"22","K014","I.S. 14","K","Domestic Piping"
"22","K014","I.S. 14","K","Flood Elimination"
"22","K014","I.S. 14","K","Lighting Fixtures"
"22","K014","I.S. 14","K","Student Toilets"
"22","K014","I.S. 14","K","Waste System"
"22","K052","P.S. 52","K","Exterior Masonry"
"22","K052","P.S. 52","K","IP Surveillance Cameras"
"22","K052","P.S. 52","K","Parapets"
"22","K052","P.S. 52","K","Roofs"
"22","K052","P.S. 52","K","Student Toilets"
"22","K078","I.S. 78","K","Auditorium Upgrade"
"22","K078","I.S. 78","K","Student Toilets"
"22","K119","P.S. 119","K","Student Toilets"
"22","K139","P.S. 139","K","Roofs"
"22","K139","P.S. 139","K","Student Toilets"
"22","K152","P.S. 152","K","Lighting Fixtures"
"22","K152","P.S. 152","K","Lighting Fixtures"
"22","K152","P.S. 152","K","Playground Redevelopment and TCU Removal"
"22","K193","P.S. 193","K","Playground Redevelopment and TCU Removal"
"22","K193","P.S. 193","K","Student Toilets"
"22","K194","P.S. 194","K","Exterior Masonry"
"22","K194","P.S. 194","K","Parapets"
"22","K194","P.S. 194","K","Playground Redevelopment and TCU Removal"
"22","K194","P.S. 194","K","Roofs"
"22","K194","P.S. 194","K","Windows"
"22","K195","P.S. 195","K","Climate Control"
"22","K195","P.S. 195","K","Heating Plant Upgrade"
"22","K195","P.S. 195","K","Heating Plant Upgrade"
"22","K197","P.S. 197","K","Lighting Fixtures"
"22","K198","P.S. 198","K","Elevators and Escalators"
"22","K198","P.S. 198","K","Exterior Masonry"
"22","K198","P.S. 198","K","Playground Redevelopment and TCU Removal"
"22","K198","P.S. 198","K","Windows"
"22","K203","P.S. 203","K","Lighting Fixtures"
"22","K206","P.S. 206","K","Low-Voltage Electrical Systems"
"22","K206","P.S. 206","K","Student Toilets"
"22","K207","P.S. 207","K","Student Toilets"
"22","K217","P.S. 217","K","Flood Elimination"
"22","K217","P.S. 217","K","Lighting Fixtures"
"22","K217","P.S. 217","K","Parapets"
"22","K217","P.S. 217","K","Windows"
"22","K234","I.S. 234","K","Heating Plant Upgrade"
"22","K234","I.S. 234","K","IP Surveillance Cameras"
"22","K236","P.S. 236","K","Playground Redevelopment and TCU Removal"
"22","K240","I.S. 240","K","Auditorium Upgrade"
"22","K240","I.S. 240","K","Cafeteria / Multipurpose Room Upgrade"
"22","K251","P.S. 251","K","Exterior Masonry"
"22","K251","P.S. 251","K","Lighting Fixtures"
"22","K251","P.S. 251","K","Parapets"
"22","K251","P.S. 251","K","Roofs"
"22","K251","P.S. 251","K","Safety Systems"
"22","K251","P.S. 251","K","Windows"
"22","K254","P.S. 254","K","Climate Control"
"22","K254","P.S. 254","K","Heating Plant Upgrade"
"22","K254","P.S. 254","K","Roofs"
"22","K254","P.S. 254","K","Roofs"
"22","K255","P.S. 255","K","Lighting Fixtures"
"22","K269","P.S. 269","K","Lighting Fixtures"
"22","K269","P.S. 269","K","Student Toilets"
"22","K277","P.S. 277","K","Heating Plant Upgrade"
"22","K278","I.S. 278","K","Auditorium Upgrade"
"22","K278","I.S. 278","K","Waste System"
"22","K312","P.S. 312","K","Heating Plant Upgrade"
"22","K395","P.S./I.S. 395","K","Lighting Fixtures"
"22","K395","P.S./I.S. 395","K","Parapets"
"22","K395","P.S./I.S. 395","K","Roofs"
"22","K849","P.S. 134","K","Exterior Masonry"
"22","K849","P.S. 134","K","Lighting Fixtures"
"22","K849","P.S. 134","K","Parapets"
"22","K864","P.S. 361 (OLD 89)","K","Student Toilets"
"22","K905","DISTRICT 22 ECOLOGY CENTER","K","Windows"
"22","K995","LEARNING SUPPORT CENTER","K","Heating Plant Upgrade"
"22","K995","LEARNING SUPPORT CENTER","K","Lighting Fixtures"
"23","K041","P.S. 41","K","Heating Plant Upgrade"
"23","K041","P.S. 41","K","Heating Plant Upgrade"
"23","K041","P.S. 41","K","Student Toilets"
"23","K055","I.S. 55","K","Accessibility"
"23","K073","P.S. 73","K","Flood Elimination"
"23","K073","P.S. 73","K","Heating Plant Upgrade"
"23","K073","P.S. 73","K","Parapets"
"23","K073","P.S. 73","K","Roofs"
"23","K073","P.S. 73","K","School Improvement and Restructuring"
"23","K073","P.S. 73","K","Student Toilets"
"23","K137","P.S. 137","K","Student Toilets"
"23","K150","P.S. 150","K","Heating Plant Upgrade"
"23","K150","P.S. 150","K","Heating Plant Upgrade"
"23","K150","P.S. 150","K","Student Toilets"
"23","K150","P.S. 150","K","Student Toilets"
"23","K155","P.S. 155","K","Student Toilets"
"23","K165","P.S. 165","K","Heating Plant Upgrade"
"23","K165","P.S. 165","K","Playground Redevelopment"
"23","K165","P.S. 165","K","Reinforcing Support Elements"
"23","K165","P.S. 165","K","Student Toilets"
"23","K178","P.S. 178","K","Exterior Masonry"
"23","K178","P.S. 178","K","Flood Elimination"
"23","K178","P.S. 178","K","Heating Plant Upgrade"
"23","K178","P.S. 178","K","Parapets"
"23","K178","P.S. 178","K","Playground Redevelopment"
"23","K178","P.S. 178","K","Windows"
"23","K183","P.S. 183","K","Exterior Masonry"
"23","K183","P.S. 183","K","Playground Redevelopment"
"23","K184","P.S. 184","K","Heating Plant Upgrade"
"23","K263","P.S./I.S. 323","K","Cafeteria / Multipurpose Room Upgrade"
"23","K263","P.S./I.S. 323","K","Heating Plant Upgrade"
"23","K263","P.S./I.S. 323","K","Playground Redevelopment"
"23","K271","I.S. 271","K","Heating Plant Upgrade"
"23","K275","I.S. 275","K","Heating Plant Upgrade"
"23","K284","P.S. 284","K","Interior Spaces"
"23","K298","P.S. 298","K","Heating Plant Upgrade"
"23","K327","P.S. 327 (TANDEM K396-D75)","K","Air Conditioning Split System"
"23","K327","P.S. 327 (TANDEM K396-D75)","K","Heating Plant Upgrade"
"23","K327","P.S. 327 (TANDEM K396-D75)","K","Student Toilets"
"23","K332","P.S. 332","K","Heating Plant Upgrade"
"23","K854","P.S. 178 AX (BED STUY ECC 1)","K","Playground Redevelopment"
"24","Q005","I.S. 5","Q","Heating Plant Upgrade"
"24","Q005","I.S. 5","Q","Low-Voltage Electrical Systems"
"24","Q007","P.S. 7","Q","Heating Plant Upgrade"
"24","Q012","P.S. 12","Q","Electrical Systems"
"24","Q012","P.S. 12","Q","Playground Redevelopment"
"24","Q012","P.S. 12","Q","Student Toilets"
"24","Q013","P.S. 13","Q","Lighting Fixtures"
"24","Q014","P.S. 14","Q","IP Surveillance Cameras"
"24","Q014","P.S. 14","Q","Student Toilets"
"24","Q049","P.S./I.S. 49 ADDITION","Q","Lighting Fixtures"
"24","Q058","P.S. 58","Q","Accessibility"
"24","Q058","P.S. 58","Q","IP Surveillance Cameras"
"24","Q068","P.S. 68","Q","Auditorium Upgrade"
"24","Q068","P.S. 68","Q","IP Surveillance Cameras"
"24","Q071","P.S. 71","Q","Student Toilets"
"24","Q073","I.S. 73","Q","Lighting Fixtures"
"24","Q073","I.S. 73","Q","Student Toilets"
"24","Q081","P.S. 81","Q","Playground Redevelopment and TCU Removal"
"24","Q081","P.S. 81","Q","Student Toilets"
"24","Q087","P.S. 87","Q","Student Toilets"
"24","Q089","P.S. 89","Q","IP Surveillance Cameras"
"24","Q089","P.S. 89","Q","Student Toilets"
"24","Q091","P.S. 91","Q","Playground Redevelopment"
"24","Q091","P.S. 91","Q","Student Toilets"
"24","Q093","I.S. 93","Q","Cafeteria / Multipurpose Room Upgrade"
"24","Q093","I.S. 93","Q","IP Surveillance Cameras"
"24","Q093","I.S. 93","Q","Parapets"
"24","Q102","P.S./I.S. 102","Q","Playground Redevelopment"
"24","Q125","I.S. 125 ADDITION","Q","Lighting Fixtures"
"24","Q143","P.S. 143","Q","Heating Plant Upgrade"
"24","Q153","P.S. 153","Q","IP Surveillance Cameras"
"24","Q153","P.S. 153","Q","Lighting Fixtures"
"24","Q199","P.S. 199","Q","IP Surveillance Cameras"
"24","Q199","P.S. 199","Q","Playground Redevelopment and TCU Removal"
"24","Q229","P.S. 229","Q","IP Surveillance Cameras"
"24","Q239","P.S. 239","Q","Accessibility"
"24","Q721","P.S. 16 (OLD Q721 SPED)","Q","Lighting Fixtures"
"24","Q721","P.S. 16 (OLD Q721 SPED)","Q","Student Toilets"
"24","Q848","P.S. 81 ANNEX (OLD 75)","Q","Student Toilets"
"24","Q877","51ST AVENUE ACADEMY","Q","IP Surveillance Cameras"
"25","Q020","P.S. 20","Q","Low-Voltage Electrical Systems"
"25","Q021","P.S. 21","Q","IP Surveillance Cameras"
"25","Q022","P.S. 22","Q","Heating Plant Upgrade"
"25","Q022","P.S. 22","Q","Lighting Fixtures"
"25","Q024","P.S. 24","Q","IP Surveillance Cameras"
"25","Q024","P.S. 24","Q","Lighting Fixtures"
"25","Q025","J.H.S. 25","Q","Student Toilets"
"25","Q032","P.S. 32","Q","Lighting Fixtures"
"25","Q032","P.S. 32","Q","Student Toilets"
"25","Q079","P.S. 79","Q","Heating Plant Upgrade"
"25","Q107","P.S. 107","Q","Flood Elimination"
"25","Q107","P.S. 107","Q","Student Toilets"
"25","Q120","P.S. 120","Q","IP Surveillance Cameras"
"25","Q120","P.S. 120","Q","Lighting Fixtures"
"25","Q129","P.S. 129","Q","IP Surveillance Cameras"
"25","Q129","P.S. 129","Q","Student Toilets"
"25","Q130","P.S. 130","Q","Exterior Masonry"
"25","Q130","P.S. 130","Q","Flood Elimination"
"25","Q130","P.S. 130","Q","Heating Plant Upgrade"
"25","Q130","P.S. 130","Q","Parapets"
"25","Q130","P.S. 130","Q","Roofs"
"25","Q130","P.S. 130","Q","Student Toilets"
"25","Q154","P.S. 154","Q","Lighting Fixtures"
"25","Q164","P.S. 164","Q","Domestic Piping"
"25","Q164","P.S. 164","Q","Student Toilets"
"25","Q185","J.H.S. 185","Q","Accessibility"
"25","Q185","J.H.S. 185","Q","Lighting Fixtures"
"25","Q185","J.H.S. 185","Q","Student Toilets"
"25","Q189","J.H.S. 189","Q","Heating Plant Upgrade"
"25","Q189","J.H.S. 189","Q","IP Surveillance Cameras"
"25","Q193","P.S. 193","Q","IP Surveillance Cameras"
"25","Q193","P.S. 193","Q","Playground Redevelopment and TCU Removal"
"25","Q194","J.H.S. 194","Q","Heating Plant Upgrade"
"25","Q194","J.H.S. 194","Q","Heating Plant Upgrade"
"25","Q214","P.S. 214","Q","Exterior Masonry"
"25","Q214","P.S. 214","Q","Flood Elimination"
"25","Q214","P.S. 214","Q","Parapets"
"25","Q214","P.S. 214","Q","Roofs"
"25","Q219","P.S. 219","Q","Heating Plant Upgrade"
"25","Q219","P.S. 219","Q","Kitchen Areas"
"25","Q219","P.S. 219","Q","Lighting Fixtures"
"25","Q237","J.H.S. 237","Q","Heating Plant Upgrade"
"25","Q237","J.H.S. 237","Q","Student Toilets"
"25","Q242","P.S. 242 - (ECC)","Q","Roofs"
"25","Q499","P.S./I.S. 499","Q","IP Surveillance Cameras"
"26","Q018","P.S. 18","Q","Boiler Conversion"
"26","Q041","P.S. 41","Q","Student Toilets"
"26","Q067","J.H.S. 67","Q","Heating Plant Upgrade"
"26","Q074","I.S. 74","Q","Student Toilets"
"26","Q094","P.S. 94","Q","Student Toilets"
"26","Q094","P.S. 94","Q","Student Toilets"
"26","Q115","P.S. 115","Q","Student Toilets"
"26","Q133","P.S. 133","Q","Student Toilets"
"26","Q158","J.H.S. 158","Q","IP Surveillance Cameras"
"26","Q159","P.S. 159","Q","Student Toilets"
"26","Q162","P.S. 162","Q","Exterior Masonry"
"26","Q162","P.S. 162","Q","Flood Elimination"
"26","Q162","P.S. 162","Q","Roofs"
"26","Q172","J.H.S. 172","Q","Heating Plant Upgrade"
"26","Q179","P.S. 179","Q","Heating Plant Upgrade"
"26","Q186","P.S. 186","Q","Heating Plant Upgrade"
"26","Q188","P.S. 188","Q","Emergency Lighting and Fire Safety Retrofits"
"26","Q191","P.S. 191","Q","Lighting Fixtures"
"26","Q205","P.S. 205","Q","Flood Elimination"
"26","Q205","P.S. 205","Q","Heating Plant Upgrade"
"26","Q205","P.S. 205","Q","Heating Plant Upgrade"
"26","Q205","P.S. 205","Q","Lighting Fixtures"
"26","Q205","P.S. 205","Q","Parapets"
"26","Q205","P.S. 205","Q","Roofs"
"26","Q213","P.S. 213","Q","Heating Plant Upgrade"
"26","Q216","J.H.S. 216","Q","Cafeteria / Multipurpose Room Upgrade"
"26","Q216","J.H.S. 216","Q","Heating Plant Upgrade"
"26","Q216","J.H.S. 216","Q","Lighting Fixtures"
"26","Q216","J.H.S. 216","Q","Student Toilets"
"27","Q042","P.S. 42","Q","Electrical Systems"
"27","Q042","P.S. 42","Q","Lighting Fixtures"
"27","Q043","P.S. 43","Q","Playground Redevelopment and TCU Removal"
"27","Q047","P.S. 47","Q","Climate Control"
"27","Q053","I.S. 53","Q","Exterior Masonry"
"27","Q053","I.S. 53","Q","Flood Elimination"
"27","Q053","I.S. 53","Q","Parapets"
"27","Q053","I.S. 53","Q","Roofs"
"27","Q053","I.S. 53","Q","Windows"
"27","Q056","P.S. 56 (OLD R HILL AX)","Q","Exterior Masonry"
"27","Q056","P.S. 56 (OLD R HILL AX)","Q","Roofs"
"27","Q056","P.S. 56 (OLD R HILL AX)","Q","Student Toilets"
"27","Q060","P.S. 60","Q","Student Toilets"
"27","Q063","P.S. 63","Q","Auditorium Upgrade"
"27","Q063","P.S. 63","Q","Exterior Masonry"
"27","Q063","P.S. 63","Q","IP Surveillance Cameras"
"27","Q063","P.S. 63","Q","Parapets"
"27","Q063","P.S. 63","Q","Roofs"
"27","Q063","P.S. 63","Q","Student Toilets"
"27","Q064","P.S. 64","Q","Heating Plant Upgrade"
"27","Q064","P.S. 64","Q","Student Toilets"
"27","Q066","P.S. 66","Q","Student Toilets"
"27","Q090","P.S. 90","Q","Student Toilets"
"27","Q100","P.S. 100","Q","Elevators and Escalators"
"27","Q100","P.S. 100","Q","Student Toilets"
"27","Q100","P.S. 100","Q","Student Toilets"
"27","Q105","P.S. 105","Q","Interior Spaces"
"27","Q105","P.S. 105","Q","Paved Area-Blacktop"
"27","Q105","P.S. 105","Q","Student Toilets"
"27","Q105","P.S. 105","Q","Ventilation"
"27","Q106","P.S. 106","Q","Student Toilets"
"27","Q108","P.S. 108","Q","Student Toilets"
"27","Q114","P.S. 114","Q","Domestic Piping"
"27","Q114","P.S. 114","Q","Heating Plant Upgrade"
"27","Q123","P.S. 123","Q","Playground Redevelopment and TCU Removal"
"27","Q124","P.S. 124","Q","Student Toilets"
"27","Q137","M.S. 137","Q","Heating Plant Upgrade"
"27","Q146","P.S. 146","Q","Lighting Fixtures"
"27","Q146","P.S. 146","Q","Student Toilets"
"27","Q155","P.S. 155","Q","IP Surveillance Cameras"
"27","Q155","P.S. 155","Q","Lighting Fixtures"
"27","Q155","P.S. 155","Q","Playground Redevelopment and TCU Removal"
"27","Q155","P.S. 155","Q","Student Toilets"
"27","Q180","I.S. 323 (OLD IS 180)","Q","Student Toilets"
"27","Q197","P.S. 197","Q","Student Toilets"
"27","Q198","I.S. 198","Q","Lighting Fixtures"
"27","Q202","I.S. 202","Q","Domestic Piping"
"27","Q202","I.S. 202","Q","Heating Plant Upgrade"
"27","Q207","P.S. 207","Q","IP Surveillance Cameras"
"27","Q207","P.S. 207","Q","Paved Area-Blacktop"
"27","Q210","I.S. 210","Q","Cafeteria / Multipurpose Room Upgrade"
"27","Q210","I.S. 210","Q","Heating Plant Upgrade"
"27","Q210","I.S. 210","Q","Student Toilets"
"27","Q215","P.S. 215","Q","Student Toilets"
"27","Q223","P.S. 223","Q","Heating Plant Upgrade"
"27","Q225","P.S. 225","Q","Electrical Systems"
"27","Q225","P.S. 225","Q","Interior Spaces"
"27","Q225","P.S. 225","Q","Lighting Fixtures"
"27","Q226","I.S. 226","Q","Low-Voltage Electrical Systems"
"27","Q226","I.S. 226","Q","Playground Redevelopment and TCU Removal"
"27","Q232","P.S. 232","Q","IP Surveillance Cameras"
"27","Q232","P.S. 232","Q","Lighting Fixtures"
"27","Q232","P.S. 232","Q","Student Toilets"
"27","Q254","P.S. 254","Q","Exterior Masonry"
"27","Q254","P.S. 254","Q","Parapets"
"27","Q254","P.S. 254","Q","Paved Area-Concrete"
"27","Q907","P.S. 43 ANNEX","Q","Flood Elimination"
"27","Q907","P.S. 43 ANNEX","Q","Interior Spaces"
"28","Q003","P.S. 303","Q","Lighting Fixtures"
"28","Q030","P.S. 30","Q","Heating Plant Upgrade"
"28","Q030","P.S. 30","Q","Lighting Fixtures"
"28","Q030","P.S. 30","Q","Playground Redevelopment and TCU Removal"
"28","Q030","P.S. 30","Q","Student Toilets"
"28","Q040","P.S. 40","Q","Flood Elimination"
"28","Q040","P.S. 40","Q","Playground Redevelopment and TCU Removal"
"28","Q040","P.S. 40","Q","Student Toilets"
"28","Q048","P.S. 48","Q","Flood Elimination"
"28","Q054","P.S. 54","Q","Student Toilets"
"28","Q055","P.S. 55","Q","Playground Redevelopment and TCU Removal"
"28","Q072","J.H.S. 72","Q","Science Lab Upgrades"
"28","Q080","P.S. 80","Q","Heating Plant Upgrade"
"28","Q080","P.S. 80","Q","Student Toilets"
"28","Q099","P.S. 99","Q","Heating Plant Upgrade"
"28","Q099","P.S. 99","Q","Heating Plant Upgrade"
"28","Q121","P.S. 121","Q","Playground Redevelopment and TCU Removal"
"28","Q121","P.S. 121","Q","Reinforcing Cinder Concrete Slabs"
"28","Q139","P.S. 139","Q","Roofs"
"28","Q140","P.S. 140","Q","Student Toilets"
"28","Q157","J.H.S. 157","Q","Student Toilets"
"28","Q160","P.S. 160","Q","Climate Control"
"28","Q160","P.S. 160","Q","Flood Elimination"
"28","Q160","P.S. 160","Q","Heating Plant Upgrade"
"28","Q160","P.S. 160","Q","Parapets"
"28","Q160","P.S. 160","Q","Roofs"
"28","Q174","P.S. 174","Q","Heating Plant Upgrade"
"28","Q174","P.S. 174","Q","Lighting Fixtures"
"28","Q175","P.S. 175","Q","Exterior Masonry"
"28","Q190","J.H.S. 190","Q","Accessibility"
"28","Q196","P.S. 196","Q","Exterior Masonry"
"28","Q196","P.S. 196","Q","Heating Plant Upgrade"
"28","Q196","P.S. 196","Q","Parapets"
"28","Q196","P.S. 196","Q","Roofs"
"28","Q206","P.S. 206","Q","Heating Plant Upgrade"
"28","Q217","I.S. 217","Q","Student Toilets"
"28","Q278","PS 182 ANNEX","Q","Lighting Fixtures"
"29","Q033","P.S. 33","Q","Exterior Masonry"
"29","Q033","P.S. 33","Q","Parapets"
"29","Q033","P.S. 33","Q","Playground Redevelopment and TCU Removal"
"29","Q036","P.S. 36","Q","Student Toilets"
"29","Q037","P.S. 37","Q","Elevators and Escalators"
"29","Q037","P.S. 37","Q","Heating Plant Upgrade"
"29","Q037","P.S. 37","Q","Low-Voltage Electrical Systems"
"29","Q038","P.S. 38","Q","Playground Redevelopment and TCU Removal"
"29","Q052","P.S. 52","Q","Playground Redevelopment and TCU Removal"
"29","Q052","P.S. 52","Q","Student Toilets"
"29","Q095","P.S. 95","Q","Lighting Fixtures"
"29","Q095","P.S. 95","Q","Student Toilets"
"29","Q109","I.S. 109","Q","Lighting Fixtures"
"29","Q116","P.S. 116","Q","Parapets"
"29","Q116","P.S. 116","Q","Reinforcing Cinder Concrete Slabs"
"29","Q116","P.S. 116","Q","Roofs"
"29","Q116","P.S. 116","Q","Student Toilets"
"29","Q118","P.S. 118","Q","Heating Plant Upgrade"
"29","Q118","P.S. 118","Q","Student Toilets"
"29","Q131","P.S. 131","Q","Exterior Masonry"
"29","Q131","P.S. 131","Q","Parapets"
"29","Q131","P.S. 131","Q","Roofs"
"29","Q138","P.S. 138","Q","Auditorium Upgrade"
"29","Q156","P.S. 156","Q","Playground Redevelopment and TCU Removal"
"29","Q181","P.S. 181","Q","Exterior Masonry"
"29","Q181","P.S. 181","Q","Flood Elimination"
"29","Q181","P.S. 181","Q","Parapets"
"29","Q181","P.S. 181","Q","Roofs"
"29","Q195","P.S. 195","Q","Student Toilets"
"29","Q231","I.S. 231 (TANDEM Q251)","Q","Lighting Fixtures"
"29","Q238","I.S. 238","Q","Cafeteria / Multipurpose Room Upgrade"
"29","Q238","I.S. 238","Q","Lighting Fixtures"
"29","Q238","I.S. 238","Q","Student Toilets"
"29","Q268","P.S. 268","Q","Accessibility"
"29","Q270","P.S. 270","Q","Roofs"
"29","Q836","P.S. 36 MINISCHOOL","Q","Roofs"
"30","Q002","P.S. 2","Q","Student Toilets"
"30","Q011","P.S. 11","Q","Heating Plant Upgrade"
"30","Q069","P.S. 69","Q","Lighting Fixtures"
"30","Q084","P.S. 84","Q","Student Toilets"
"30","Q085","P.S. 85","Q","Electrical Systems"
"30","Q085","P.S. 85","Q","Student Toilets"
"30","Q111","P.S. 111","Q","Student Toilets"
"30","Q126","I.S. 126","Q","Heating Plant Upgrade"
"30","Q126","I.S. 126","Q","Lighting Fixtures"
"30","Q126","I.S. 126","Q","Student Toilets"
"30","Q127","P.S. 127","Q","Exterior Masonry"
"30","Q127","P.S. 127","Q","Parapets"
"30","Q141","I.S. 141","Q","Lighting Fixtures"
"30","Q141","I.S. 141","Q","Student Toilets"
"30","Q148","P.S. 148","Q","IP Surveillance Cameras"
"30","Q148","P.S. 148","Q","Student Toilets"
"30","Q149","P.S. 149","Q","Accessibility"
"30","Q149","P.S. 149","Q","Lighting Fixtures"
"30","Q150","P.S. 150","Q","Student Toilets"
"30","Q151","P.S. 151","Q","Exterior Masonry"
"30","Q151","P.S. 151","Q","Lighting Fixtures"
"30","Q151","P.S. 151","Q","Parapets"
"30","Q151","P.S. 151","Q","Roofs"
"30","Q151","P.S. 151","Q","Student Toilets"
"30","Q152","P.S. 152","Q","Student Toilets"
"30","Q204","I.S. 204","Q","Heating Plant Upgrade"
"30","Q227","I.S. 227","Q","Lighting Fixtures"
"30","Q230","I.S. 230","Q","Cafeteria / Multipurpose Room Upgrade"
"30","Q230","I.S. 230","Q","Heating Plant Upgrade"
"30","Q230","I.S. 230","Q","IP Surveillance Cameras"
"30","Q234","P.S. 234","Q","Heating Plant Upgrade"
"30","Q292","P.S. 92","Q","Lighting Fixtures"
"30","Q292","P.S. 92","Q","Windows"
"31","R001","P.S. 1","R","Parapets"
"31","R001","P.S. 1","R","Roofs"
"31","R001","P.S. 1","R","Windows"
"31","R002","I.S. 2","R","Lighting Fixtures"
"31","R002","I.S. 2","R","Lighting Fixtures"
"31","R002","I.S. 2","R","Student Toilets"
"31","R004","P.S. 4","R","Heating Plant Upgrade"
"31","R006","P.S. 6","R","Heating Plant Upgrade"
"31","R006","P.S. 6","R","Lighting Fixtures"
"31","R007","I.S. 7","R","Cafeteria / Multipurpose Room Upgrade"
"31","R007","I.S. 7","R","Lighting Fixtures"
"31","R008","P.S. 8","R","Domestic Piping"
"31","R008","P.S. 8","R","Lighting Fixtures"
"31","R008","P.S. 8","R","Student Toilets"
"31","R011","P.S. 11","R","Student Toilets"
"31","R018","P.S. 18","R","Student Toilets"
"31","R019","P.S. 19","R","Exterior Masonry"
"31","R019","P.S. 19","R","Flood Elimination"
"31","R019","P.S. 19","R","Lighting Fixtures"
"31","R019","P.S. 19","R","Parapets"
"31","R019","P.S. 19","R","Windows"
"31","R021","P.S. 21","R","Heating Plant Upgrade"
"31","R021","P.S. 21","R","Student Toilets"
"31","R023","P.S. 23","R","Lighting Fixtures"
"31","R024","I.S. 24","R","Heating Plant Upgrade"
"31","R026","P.S. 26","R","Student Toilets"
"31","R027","I.S. 27","R","Heating Plant Upgrade"
"31","R027","I.S. 27","R","Student Toilets"
"31","R029","P.S. 29","R","Climate Control"
"31","R029","P.S. 29","R","Heating Plant Upgrade"
"31","R029","P.S. 29","R","Lighting Fixtures"
"31","R031","P.S. 31","R","Lighting Fixtures"
"31","R032","P.S. 32","R","Exterior Masonry"
"31","R032","P.S. 32","R","Roofs"
"31","R032","P.S. 32","R","Student Toilets"
"31","R034","I.S. 34 (OLD TOTTENVILLE)","R","Accessibility"
"31","R034","I.S. 34 (OLD TOTTENVILLE)","R","Lighting Fixtures"
"31","R034","I.S. 34 (OLD TOTTENVILLE)","R","Low-Voltage Electrical Systems"
"31","R034","I.S. 34 (OLD TOTTENVILLE)","R","Science Lab Upgrades"
"31","R034","I.S. 34 (OLD TOTTENVILLE)","R","Waste System"
"31","R035","P.S. 35","R","Climate Control"
"31","R035","P.S. 35","R","Student Toilets"
"31","R036","P.S. 36","R","Auditorium Upgrade"
"31","R036","P.S. 36","R","Exterior Masonry"
"31","R036","P.S. 36","R","Flood Elimination"
"31","R036","P.S. 36","R","Heating Plant Upgrade"
"31","R036","P.S. 36","R","Heating Plant Upgrade"
"31","R036","P.S. 36","R","IP Surveillance Cameras"
"31","R036","P.S. 36","R","Lighting Fixtures"
"31","R036","P.S. 36","R","Roofs"
"31","R036","P.S. 36","R","Windows"
"31","R041","P.S. 41","R","Lighting Fixtures"
"31","R041","P.S. 41","R","Low-Voltage Electrical Systems"
"31","R041","P.S. 41","R","Student Toilets"
"31","R042","P.S. 42","R","Heating Plant Upgrade"
"31","R043","JEROME PARKER CAMPUS","R","Heating Plant Upgrade"
"31","R044","P.S. 44","R","Exterior Masonry"
"31","R044","P.S. 44","R","Lighting Fixtures"
"31","R044","P.S. 44","R","Parapets"
"31","R044","P.S. 44","R","Roofs"
"31","R044","P.S. 44","R","Windows"
"31","R045","P.S. 45","R","Exterior Masonry"
"31","R045","P.S. 45","R","Flood Elimination"
"31","R045","P.S. 45","R","Heating Plant Upgrade"
"31","R045","P.S. 45","R","IP Surveillance Cameras"
"31","R045","P.S. 45","R","Lighting Fixtures"
"31","R046","P.S. 46","R","Heating Plant Upgrade"
"31","R046","P.S. 46","R","Student Toilets"
"31","R049","I.S. 49","R","Cafeteria / Multipurpose Room Upgrade"
"31","R049","I.S. 49","R","Student Toilets"
"31","R051","I.S. 51","R","Domestic Piping"
"31","R052","P.S. 52","R","Lighting Fixtures"
"31","R053","P.S. 53","R","Heating Plant Upgrade"
"31","R053","P.S. 53","R","Heating Plant Upgrade"
"31","R053","P.S. 53","R","IP Surveillance Cameras"
"31","R054","P.S. 54","R","Heating Plant Upgrade"
"31","R054","P.S. 54","R","Student Toilets"
"31","R055","P.S. 55","R","Heating Plant Upgrade"
"31","R055","P.S. 55","R","Heating Plant Upgrade"
"31","R055","P.S. 55","R","Lighting Fixtures"
"31","R057","P.S. 57","R","Student Toilets"
"31","R058","P.S. 58","R","Accessibility"
"31","R058","P.S. 58","R","Heating Plant Upgrade"
"31","R058","P.S. 58","R","Lighting Fixtures"
"31","R060","P.S. 60","R","Parapets"
"31","R061","I.S. 61","R","Cafeteria / Multipurpose Room Upgrade"
"31","R061","I.S. 61","R","Domestic Piping"
"31","R061","I.S. 61","R","Lighting Fixtures"
"31","R061","I.S. 61","R","Student Toilets"
"31","R069","P.S. 69","R","Lighting Fixtures"
"31","R072","I.S. 72","R","Heating Plant Upgrade"
"31","R072","I.S. 72","R","Lighting Fixtures"
"31","R072","I.S. 72","R","Student Toilets"
"31","R075","I.S. 75","R","Heating Plant Upgrade"
"31","R829","ARTHUR D. PHILLIPS SCHOOL","R","Heating Plant Upgrade"
"31","R831","P.S. 16 ANNEX","R","Air Conditioning Split System"
"31","R848","P.S. 42 ANNEX","R","Student Toilets"
"31","R880","P.S. 80 (PETR COMPL-BLDG B)","R","Heating Plant Upgrade"
"31","R880","P.S. 80 (PETR COMPL-BLDG B)","R","Technology"
"32","K045","P.S. 45","K","Heating Plant Upgrade"
"32","K045","P.S. 45","K","Lighting Fixtures"
"32","K045","P.S. 45","K","Lighting Fixtures"
"32","K045","P.S. 45","K","Student Toilets"
"32","K086","P.S. 86","K","Student Toilets"
"32","K106","P.S. 106","K","Student Toilets"
"32","K111","I.S. 111","K","Cafeteria / Multipurpose Room Upgrade"
"32","K111","I.S. 111","K","Lighting Fixtures"
"32","K116","P.S. 116","K","Lighting Fixtures"
"32","K116","P.S. 116","K","Lighting Fixtures"
"32","K123","P.S. 123","K","Flood Elimination"
"32","K123","P.S. 123","K","Floors"
"32","K123","P.S. 123","K","IP Surveillance Cameras"
"32","K123","P.S. 123","K","Lighting Fixtures"
"32","K123","P.S. 123","K","Low-Voltage Electrical Systems"
"32","K123","P.S. 123","K","Paved Area-Concrete"
"32","K123","P.S. 123","K","Roofs"
"32","K145","P.S. 145","K","Accessibility"
"32","K145","P.S. 145","K","Lighting Fixtures"
"32","K145","P.S. 145","K","Playground Redevelopment"
"32","K145","P.S. 145","K","Student Toilets"
"32","K151","P.S. 151","K","Student Toilets"
"32","K291","I.S. 291","K","Student Toilets"
"32","K299","P.S. 299","K","Playground Redevelopment"
"32","K376","P.S. 376A","K","Heating Plant Upgrade"
"32","K377","P.S. 377","K","Exterior Masonry"
"32","K377","P.S. 377","K","Lighting Fixtures"
"32","K377","P.S. 377","K","Roofs"
"32","K383","I.S. 383","K","Accessibility"
"32","K865","SECOND OPPORTUNITY SCHOOL","K","Code Compliance"
"33K","K801","CENT HEADQTRS (65 COURT)","K","Lighting Fixtures"
"33K","K801","CENT HEADQTRS (65 COURT)","K","Lighting Fixtures"
"33K","K986","DIV. OF INSTR. & INFO. TECH.","K","Lighting Fixtures"
"33Q","Q800","DOE ADMINISTRATIVE / STUDENT SERVICES","Q","Technology"
"33Q","Q801","OSSS / DSF","Q","Elevators and Escalators"
"33Q","Q801","OSSS / DSF","Q","Fire System Sprinklers"
"33Q","Q801","OSSS / DSF","Q","Low-Voltage Electrical Systems"
"75K","K085","P.S. 753 (OLD P85/STERLING HS)","K","Heating Plant Upgrade"
"75K","K085","P.S. 753 (OLD P85/STERLING HS)","K","Low-Voltage Electrical Systems"
"75K","K148","P.S. 373 (OLD P148)","K","Exterior Masonry"
"75K","K148","P.S. 373 (OLD P148)","K","Flood Elimination"
"75K","K148","P.S. 373 (OLD P148)","K","IP Surveillance Cameras"
"75K","K148","P.S. 373 (OLD P148)","K","Lighting Fixtures"
"75K","K148","P.S. 373 (OLD P148)","K","Lighting Fixtures"
"75K","K148","P.S. 373 (OLD P148)","K","Parapets"
"75K","K148","P.S. 373 (OLD P148)","K","Reinforcing Support Elements"
"75K","K148","P.S. 373 (OLD P148)","K","Student Toilets"
"75K","K148","P.S. 373 (OLD P148)","K","Student Toilets"
"75K","K286","P.S. 811 (OLD P286)","K","Elevators and Escalators"
"75K","K286","P.S. 811 (OLD P286)","K","Heating Plant Upgrade"
"75K","K370","P.S. 370","K","Lighting Fixtures"
"75K","K371","P.S. 371 (OLD 615)","K","Paved Area-Blacktop"
"75K","K722","P.S. 721 OTC","K","Heating Plant Upgrade"
"75K","K834","P.S. 372 (OUR LADY OF PEACE)","K","Low-Voltage Electrical Systems"
"75K","K834","P.S. 372 (OUR LADY OF PEACE)","K","Student Toilets"
"75K","K902","P.S. 77 ANNEX","K","Air Conditioning Split System"
"75K","K902","P.S. 77 ANNEX","K","Exterior Masonry"
"75K","K902","P.S. 77 ANNEX","K","Lighting Fixtures"
"75K","K902","P.S. 77 ANNEX","K","Low-Voltage Electrical Systems"
"75K","K902","P.S. 77 ANNEX","K","Parapets"
"75K","K902","P.S. 77 ANNEX","K","Paved Area-Concrete"
"75K","K902","P.S. 77 ANNEX","K","Roofs"
"75K","K902","P.S. 77 ANNEX","K","Safety Systems"
"75K","K902","P.S. 77 ANNEX","K","Ventilation"
"75K","K902","P.S. 77 ANNEX","K","Windows"
"75M","M058","P.S. 35 (OLD 58/MNHT HS)","M","Lighting Fixtures"
"75M","M058","P.S. 35 (OLD 58/MNHT HS)","M","Student Toilets"
"75M","M079","P.S. 79 (MULT. HANDICAP)","M","Heating Plant Upgrade"
"75M","M079","P.S. 79 (MULT. HANDICAP)","M","Heating Plant Upgrade"
"75M","M169","P.S. 169 (ECF)","M","Roofs"
"75M","M751","P.S. 751 (CAR.DEV/OLD 25)","M","Student Toilets"
"75M","M841","P.S. 811 (OLD P148/LIVINGS HS)","M","Lighting Fixtures"
"75Q","Q009","P.S. 9 (W REED SCHOOL)","Q","Accessibility"
"75Q","Q009","P.S. 9 (W REED SCHOOL)","Q","Exterior Masonry"
"75Q","Q009","P.S. 9 (W REED SCHOOL)","Q","Flood Elimination"
"75Q","Q009","P.S. 9 (W REED SCHOOL)","Q","Low-Voltage Electrical Systems"
"75Q","Q009","P.S. 9 (W REED SCHOOL)","Q","Parapets"
"75Q","Q075","P.S. 75 (R PEARY SCHOOL)","Q","Heating Plant Upgrade"
"75Q","Q142","P.S. 752 (OLD J142)","Q","Heating Plant Upgrade"
"75Q","Q177","P.S. 177","Q","Heating Plant Upgrade"
"75Q","Q722","P.S. 721 (OTC)","Q","Heating Plant Upgrade"
"75Q","Q722","P.S. 721 (OTC)","Q","Roofs"
"75Q","Q816","P.S. 256 ANNEX","Q","Playground Redevelopment"
"75R","R040","P.S. 373 (OLD P40)","R","Exterior Masonry"
"75R","R040","P.S. 373 (OLD P40)","R","Flood Elimination"
"75R","R040","P.S. 373 (OLD P40)","R","IP Surveillance Cameras"
"75R","R040","P.S. 373 (OLD P40)","R","Student Toilets"
"75R","R722","P.S. 722 (OTC)","R","Accessibility"
"75R","R722","P.S. 722 (OTC)","R","Air Conditioning Retrofit"
"75R","R722","P.S. 722 (OTC)","R","Domestic Piping"
"75R","R722","P.S. 722 (OTC)","R","Domestic Piping"
"75R","R722","P.S. 722 (OTC)","R","Domestic Piping"
"75R","R722","P.S. 722 (OTC)","R","Exterior Masonry"
"75R","R722","P.S. 722 (OTC)","R","Heating Plant Upgrade"
"75R","R722","P.S. 722 (OTC)","R","Lighting Fixtures"
"75R","R722","P.S. 722 (OTC)","R","Parapets"
"75R","R722","P.S. 722 (OTC)","R","Roofs"
"75R","R722","P.S. 722 (OTC)","R","Safety Systems"
"75R","R722","P.S. 722 (OTC)","R","Windows"
"75R","R825","P.S. 25 (MOUNT LORETTO)","R","Lighting Fixtures"
"75R","R840","P.S. 37 ( OLD I24X)","R","Heating Plant Upgrade"
"75X","X012","P.S. 12","X","Playground Redevelopment"
"75X","X084","P.S. 811 (OLD I84)","X","Air Conditioning Retrofit"
"75X","X136","P.S. 186 (OLD J136)","X","Exterior Masonry"
"75X","X136","P.S. 186 (OLD J136)","X","Flood Elimination"
"75X","X136","P.S. 186 (OLD J136)","X","Parapets"
"75X","X136","P.S. 186 (OLD J136)","X","Roofs"
"75X","X155","P.S. 754 (OLD IS155)","X","Heating Plant Upgrade"
"75X","X701","P.S. 723","X","Ventilation"
"75X","X722","P.S. 721 (OTC)","X","Exterior Masonry"
"75X","X722","P.S. 721 (OTC)","X","Flood Elimination"
"75X","X722","P.S. 721 (OTC)","X","Parapets"
"75X","X722","P.S. 721 (OTC)","X","Roofs"
"75X","X722","P.S. 721 (OTC)","X","Windows"
"78K","K313","ADAMS STREET EDUCATIONAL CAMPUS","K","Accessibility"
"78K","K400","LAFAYETTE HS","K","Domestic Piping"
"78K","K405","MIDWOOD HS","K","Auditorium Upgrade"
"78K","K405","MIDWOOD HS","K","Lighting Fixtures"
"78K","K405","MIDWOOD HS","K","Low-Voltage Electrical Systems"
"78K","K406","MIDWOOD AF (MAIN)","K","Athletic Fields"
"78K","K406","MIDWOOD AF (MAIN)","K","Reinforcing Support Elements"
"78K","K410","ABRAHAM LINCOLN HS","K","IP Surveillance Cameras"
"78K","K410","ABRAHAM LINCOLN HS","K","Lighting Fixtures"
"78K","K410","ABRAHAM LINCOLN HS","K","Reinforcing Cinder Concrete Slabs"
"78K","K410","ABRAHAM LINCOLN HS","K","Windows"
"78K","K411","LINCOLN AF","K","Low-Voltage Electrical Systems"
"78K","K415","SAMUEL J. TILDEN HS","K","IP Surveillance Cameras"
"78K","K422","SPRING CREEK EDUCATIONAL CAMPUS","K","Lighting Fixtures"
"78K","K425","JAMES MADISON HS","K","Auditorium Upgrade"
"78K","K425","JAMES MADISON HS","K","Electrical Systems"
"78K","K425","JAMES MADISON HS","K","Heating Plant Upgrade"
"78K","K425","JAMES MADISON HS","K","Lighting Fixtures"
"78K","K425","JAMES MADISON HS","K","Low-Voltage Electrical Systems"
"78K","K425","JAMES MADISON HS","K","Swimming Pools"
"78K","K430","BROOKLYN TECH HS","K","Accessibility"
"78K","K430","BROOKLYN TECH HS","K","Cafeteria / Multipurpose Room Upgrade"
"78K","K430","BROOKLYN TECH HS","K","Heating Plant Upgrade"
"78K","K430","BROOKLYN TECH HS","K","Kitchen Areas"
"78K","K430","BROOKLYN TECH HS","K","Lighting Fixtures"
"78K","K430","BROOKLYN TECH HS","K","Low-Voltage Electrical Systems"
"78K","K430","BROOKLYN TECH HS","K","Student Toilets"
"78K","K430","BROOKLYN TECH HS","K","Ventilation"
"78K","K435","THOMAS JEFFERSON HS","K","Cafeteria / Multipurpose Room Upgrade"
"78K","K435","THOMAS JEFFERSON HS","K","Heating Plant Upgrade"
"78K","K435","THOMAS JEFFERSON HS","K","IP Surveillance Cameras"
"78K","K435","THOMAS JEFFERSON HS","K","Playground Redevelopment"
"78K","K445","NEW UTRECHT HS","K","Flood Elimination"
"78K","K445","NEW UTRECHT HS","K","Heating Plant Upgrade"
"78K","K445","NEW UTRECHT HS","K","Lighting Fixtures"
"78K","K445","NEW UTRECHT HS","K","Waste System"
"78K","K450","GRAND STREET CAMPUS (OLD E.D.HS)","K","Cafeteria / Multipurpose Room Upgrade"
"78K","K450","GRAND STREET CAMPUS (OLD E.D.HS)","K","Heating Plant Upgrade"
"78K","K450","GRAND STREET CAMPUS (OLD E.D.HS)","K","Heating Plant Upgrade"
"78K","K450","GRAND STREET CAMPUS (OLD E.D.HS)","K","Lighting Fixtures"
"78K","K450","GRAND STREET CAMPUS (OLD E.D.HS)","K","Playground Redevelopment"
"78K","K455","BOYS & GIRLS HS","K","Auditorium Upgrade"
"78K","K455","BOYS & GIRLS HS","K","Cafeteria / Multipurpose Room Upgrade"
"78K","K455","BOYS & GIRLS HS","K","Technology"
"78K","K458","BOYS HS (OLD)","K","Lighting Fixtures"
"78K","K460","JOHN JAY HS","K","Auditorium Upgrade"
"78K","K460","JOHN JAY HS","K","Lighting Fixtures"
"78K","K460","JOHN JAY HS","K","School Improvement and Restructuring"
"78K","K460","JOHN JAY HS","K","Student Toilets"
"78K","K465","ERASMUS HALL CAMPUS","K","Cafeteria / Multipurpose Room Upgrade"
"78K","K465","ERASMUS HALL CAMPUS","K","Heating Plant Upgrade"
"78K","K465","ERASMUS HALL CAMPUS","K","IP Surveillance Cameras"
"78K","K470","GEORGE W. WINGATE HS","K","Exterior Masonry"
"78K","K470","GEORGE W. WINGATE HS","K","Student Toilets"
"78K","K480","BUSHWICK HS","K","Heating Plant Upgrade"
"78K","K485","TELECOM. ARTS & TECH.","K","Code Compliance"
"78K","K485","TELECOM. ARTS & TECH.","K","Lighting Fixtures"
"78K","K485","TELECOM. ARTS & TECH.","K","Lighting Fixtures"
"78K","K485","TELECOM. ARTS & TECH.","K","Roofs"
"78K","K485","TELECOM. ARTS & TECH.","K","Windows"
"78K","K490","FORT HAMILTON HS","K","Student Toilets"
"78K","K495","SHEEPSHEAD BAY HS","K","Heating Plant Upgrade"
"78K","K495","SHEEPSHEAD BAY HS","K","IP Surveillance Cameras"
"78K","K495","SHEEPSHEAD BAY HS","K","Lighting Fixtures"
"78K","K500","CANARSIE HS","K","Cafeteria / Multipurpose Room Upgrade"
"78K","K500","CANARSIE HS","K","Flood Elimination"
"78K","K500","CANARSIE HS","K","IP Surveillance Cameras"
"78K","K500","CANARSIE HS","K","Lighting Fixtures"
"78K","K500","CANARSIE HS","K","Student Toilets"
"78K","K505","FRANKLIN D. ROOSEVELT HS","K","Heating Plant Upgrade"
"78K","K505","FRANKLIN D. ROOSEVELT HS","K","Lighting Fixtures"
"78K","K505","FRANKLIN D. ROOSEVELT HS","K","Lighting Fixtures"
"78K","K505","FRANKLIN D. ROOSEVELT HS","K","Student Toilets"
"78K","K515","SOUTH SHORE HS","K","Cafeteria / Multipurpose Room Upgrade"
"78K","K515","SOUTH SHORE HS","K","IP Surveillance Cameras"
"78K","K515","SOUTH SHORE HS","K","Lighting Fixtures"
"78K","K516","SOUTH SHORE HS AF","K","Athletic Fields"
"78K","K520","PACIFIC ALT HS","K","Lighting Fixtures"
"78K","K525","EDWARD R. MURROW HS","K","Air Conditioning Split System"
"78K","K525","EDWARD R. MURROW HS","K","Cafeteria / Multipurpose Room Upgrade"
"78K","K525","EDWARD R. MURROW HS","K","Heating Plant Upgrade"
"78K","K525","EDWARD R. MURROW HS","K","Lighting Fixtures"
"78K","K540","JOHN DEWEY HS","K","IP Surveillance Cameras"
"78K","K540","JOHN DEWEY HS","K","Lighting Fixtures"
"78K","K580","GEORGE WESTINGHOUSE VOC HS","K","Exterior Masonry"
"78K","K580","GEORGE WESTINGHOUSE VOC HS","K","Flood Elimination"
"78K","K580","GEORGE WESTINGHOUSE VOC HS","K","Library Upgrade"
"78K","K580","GEORGE WESTINGHOUSE VOC HS","K","Parapets"
"78K","K580","GEORGE WESTINGHOUSE VOC HS","K","Roofs"
"78K","K580","GEORGE WESTINGHOUSE VOC HS","K","Science Lab Upgrades"
"78K","K590","MIDDLE COLLEGE HS","K","Accessibility"
"78K","K600","CLARA BARTON HS","K","Heating Plant Upgrade"
"78K","K610","AUTOMOTIVE TRADES VOC HS","K","Domestic Piping"
"78K","K615","E NY VOC HS OF TRANSIT TECH.","K","Student Toilets"
"78K","K620","WILLIAM E. GRADY VOC HS","K","Athletic Fields"
"78K","K625","ROBESON HS COMP&BUS TC (A HML)","K","Gymnasium Upgrade"
"78K","K625","ROBESON HS COMP&BUS TC (A HML)","K","Lighting Fixtures"
"78K","K625","ROBESON HS COMP&BUS TC (A HML)","K","Lighting Fixtures"
"78K","K650","HARRY VANARSDALE VOC HS(WHITNEY)","K","Exterior Masonry"
"78K","K650","HARRY VANARSDALE VOC HS(WHITNEY)","K","Lighting Fixtures"
"78K","K650","HARRY VANARSDALE VOC HS(WHITNEY)","K","Parapets"
"78K","K650","HARRY VANARSDALE VOC HS(WHITNEY)","K","Ventilation"
"78K","K650","HARRY VANARSDALE VOC HS(WHITNEY)","K","Windows"
"78K","K655","BKLYN HS OF THE ARTS (OL S J HL)","K","Lighting Fixtures"
"78K","K655","BKLYN HS OF THE ARTS (OL S J HL)","K","Roofs"
"78K","K660","WILLIAM MAXWELL CTE HS","K","Lighting Fixtures"
"78K","K660","WILLIAM MAXWELL CTE HS","K","Lighting Fixtures"
"78K","K721","BROOKLYN STUDIO (TANDEM K128)","K","Emergency Lighting and Fire Safety Retrofits"
"78K","K721","BROOKLYN STUDIO (TANDEM K128)","K","Roofs"
"78K","K721","BROOKLYN STUDIO (TANDEM K128)","K","Windows"
"78K","K728","LIBERATION DIPLOMA PLUS H.S.","K","Lighting Fixtures"
"78K","K781","WEST BROOKLYN COMMUNITY HS","K","Lighting Fixtures"
"78K","K799","BUSHWICK LEADERS HS FOR ACAD EXL","K","Parapets"
"78K","K799","BUSHWICK LEADERS HS FOR ACAD EXL","K","Roofs"
"78K","K799","BUSHWICK LEADERS HS FOR ACAD EXL","K","Windows"
"78K","K804","COBBLE HILL SCL OF AMR STD (OL6)","K","Student Toilets"
"78K","K806","METROPOLITAN CORPORATE ACAD.","K","Student Toilets"
"78K","K819","EAST NY FAMILY ACADEMY","K","Heating Plant Upgrade"
"78K","K819","EAST NY FAMILY ACADEMY","K","Low-Voltage Electrical Systems"
"78K","K907","BROWNSVILLE DIPLOMA PLUS HS","K","Lighting Fixtures"
"78K","K914","BENJAMIN BANNEKER ACADEMY","K","Lighting Fixtures"
"78K","K932","HIGH SCHOOL SUSPENSION CENTER","K","Student Toilets"
"78K","K994","BEDFORD ACADEMY","K","IP Surveillance Cameras"
"78M","M081","MID MAN ADULT LRNG CTR (81)","M","Heating Plant Upgrade"
"78M","M097","BARD COLLEGE HS (OLD M097)","M","Flood Elimination"
"78M","M097","BARD COLLEGE HS (OLD M097)","M","IP Surveillance Cameras"
"78M","M097","BARD COLLEGE HS (OLD M097)","M","Parapets"
"78M","M097","BARD COLLEGE HS (OLD M097)","M","Roofs"
"78M","M097","BARD COLLEGE HS (OLD M097)","M","Student Toilets"
"78M","M136","I.S. 136","M","Lighting Fixtures"
"78M","M136","I.S. 136","M","Student Toilets"
"78M","M435","MANHTN CT FOR MATH & SCI. HS","M","Cafeteria / Multipurpose Room Upgrade"
"78M","M435","MANHTN CT FOR MATH & SCI. HS","M","Student Toilets"
"78M","M440","BAYARD RUSTIN EDUCATIONAL COMP","M","Heating Plant Upgrade"
"78M","M440","BAYARD RUSTIN EDUCATIONAL COMP","M","Lighting Fixtures"
"78M","M440","BAYARD RUSTIN EDUCATIONAL COMP","M","Lighting Fixtures"
"78M","M440","BAYARD RUSTIN EDUCATIONAL COMP","M","Waste System"
"78M","M445","SEWARD PARK HS","M","Cafeteria / Multipurpose Room Upgrade"
"78M","M445","SEWARD PARK HS","M","Heating Plant Upgrade"
"78M","M445","SEWARD PARK HS","M","Lighting Fixtures"
"78M","M445","SEWARD PARK HS","M","Lighting Fixtures"
"78M","M446","UNIVERSITY NEIGHBORHOOD","M","Student Toilets"
"78M","M451","LIBERTY HS","M","Lighting Fixtures"
"78M","M460","WASHINGTON IRVING HS","M","Cafeteria / Multipurpose Room Upgrade"
"78M","M460","WASHINGTON IRVING HS","M","Electrical Systems"
"78M","M460","WASHINGTON IRVING HS","M","Exterior Masonry"
"78M","M460","WASHINGTON IRVING HS","M","Flood Elimination"
"78M","M460","WASHINGTON IRVING HS","M","Gymnasium Upgrade"
"78M","M460","WASHINGTON IRVING HS","M","Heating Plant Upgrade"
"78M","M460","WASHINGTON IRVING HS","M","IP Surveillance Cameras"
"78M","M460","WASHINGTON IRVING HS","M","Lighting Fixtures"
"78M","M460","WASHINGTON IRVING HS","M","Lighting Fixtures"
"78M","M460","WASHINGTON IRVING HS","M","Low-Voltage Electrical Systems"
"78M","M460","WASHINGTON IRVING HS","M","Parapets"
"78M","M460","WASHINGTON IRVING HS","M","Roofs"
"78M","M460","WASHINGTON IRVING HS","M","Student Toilets"
"78M","M460","WASHINGTON IRVING HS","M","Ventilation"
"78M","M460","WASHINGTON IRVING HS","M","Windows"
"78M","M465","G. WASHINGTON HS EDUC. CAMPUS","M","Heating Plant Upgrade"
"78M","M465","G. WASHINGTON HS EDUC. CAMPUS","M","Heating Plant Upgrade"
"78M","M465","G. WASHINGTON HS EDUC. CAMPUS","M","Lighting Fixtures"
"78M","M470","LOUIS D. BRANDEIS HS","M","Heating Plant Upgrade"
"78M","M475","HEALTH PROFESSIONS HS (OL STY)","M","Heating Plant Upgrade"
"78M","M475","HEALTH PROFESSIONS HS (OL STY)","M","Lighting Fixtures"
"78M","M480","JULIA RICHMAN ED. COMPLEX","M","Lighting Fixtures"
"78M","M485","FIORELLO LAGUARDIA HS","M","Air Conditioning Split System"
"78M","M485","FIORELLO LAGUARDIA HS","M","Exterior Masonry"
"78M","M488","MIDTOWN EAST CAMPUS","M","Accessibility"
"78M","M488","MIDTOWN EAST CAMPUS","M","IP Surveillance Cameras"
"78M","M490","MARTIN LUTHER KING, JR. HS","M","Domestic Piping"
"78M","M490","MARTIN LUTHER KING, JR. HS","M","Lighting Fixtures"
"78M","M501","ARTHUR SCHOMBURG HS (IS 201)","M","Heating Plant Upgrade"
"78M","M501","ARTHUR SCHOMBURG HS (IS 201)","M","Student Toilets"
"78M","M501","ARTHUR SCHOMBURG HS (IS 201)","M","Student Toilets"
"78M","M510","FORSYTH HS (AUXSVC-OLD 91)","M","Heating Plant Upgrade"
"78M","M510","FORSYTH HS (AUXSVC-OLD 91)","M","Student Toilets"
"78M","M520","MURRY BERGTRAUM HS (ECF)","M","Low-Voltage Electrical Systems"
"78M","M520","MURRY BERGTRAUM HS (ECF)","M","Science Lab Upgrades"
"78M","M520","MURRY BERGTRAUM HS (ECF)","M","Student Toilets"
"78M","M535","PARK WEST HS (ECF)","M","Cafeteria / Multipurpose Room Upgrade"
"78M","M535","PARK WEST HS (ECF)","M","Exterior Masonry"
"78M","M535","PARK WEST HS (ECF)","M","Heating Plant Upgrade"
"78M","M540","A. PHILLIP RANDOLPH HS","M","Flood Elimination"
"78M","M540","A. PHILLIP RANDOLPH HS","M","Lighting Fixtures"
"78M","M540","A. PHILLIP RANDOLPH HS","M","Parapets"
"78M","M540","A. PHILLIP RANDOLPH HS","M","Roofs"
"78M","M600","FASHION INDUSTRIES VOC HS","M","Accessibility"
"78M","M600","FASHION INDUSTRIES VOC HS","M","Flood Elimination"
"78M","M600","FASHION INDUSTRIES VOC HS","M","Heating Plant Upgrade"
"78M","M600","FASHION INDUSTRIES VOC HS","M","Parapets"
"78M","M615","CHELSEA VOC HS","M","Ansul Systems"
"78M","M615","CHELSEA VOC HS","M","Domestic Piping"
"78M","M615","CHELSEA VOC HS","M","Low-Voltage Electrical Systems"
"78M","M620","NORMAN THOMAS HS (ECF)","M","Electrical Systems"
"78M","M620","NORMAN THOMAS HS (ECF)","M","Heating Plant Upgrade"
"78M","M620","NORMAN THOMAS HS (ECF)","M","Science Lab Upgrades"
"78M","M625","HS OF GRAPHIC COMMUNICATION ARTS","M","Boiler Conversion"
"78M","M625","HS OF GRAPHIC COMMUNICATION ARTS","M","Climate Control"
"78M","M625","HS OF GRAPHIC COMMUNICATION ARTS","M","Parapets"
"78M","M625","HS OF GRAPHIC COMMUNICATION ARTS","M","Roofs"
"78M","M641","CITY AS SCHOOL (OLD 95)","M","Waste System"
"78M","M645","OLD MANHATTAN VOC/TECH HS","M","IP Surveillance Cameras"
"78M","M661","MNHT COMP NIGHT&DAY (OL BACN X)","M","Heating Plant Upgrade"
"78M","M661","MNHT COMP NIGHT&DAY (OL BACN X)","M","IP Surveillance Cameras"
"78M","M661","MNHT COMP NIGHT&DAY (OL BACN X)","M","Lighting Fixtures"
"78M","M833","HS FOR ECONOMICS & FINANCE","M","Heating Plant Upgrade"
"78M","M834","HS FOR ENVIRONMENTAL STUDIES","M","Air Conditioning Split System"
"78M","M837","ISHS @ M837","M","Lighting Fixtures"
"78M","M894","HS FOR LEADERSHIP & PUBLIC SER","M","Elevators and Escalators"
"78M","M894","HS FOR LEADERSHIP & PUBLIC SER","M","Heating Plant Upgrade"
"78M","M894","HS FOR LEADERSHIP & PUBLIC SER","M","Heating Plant Upgrade"
"78Q","K420","FRANKLIN K. LANE HS","Q","Accessibility"
"78Q","K420","FRANKLIN K. LANE HS","Q","Heating Plant Upgrade"
"78Q","K420","FRANKLIN K. LANE HS","Q","IP Surveillance Cameras"
"78Q","K420","FRANKLIN K. LANE HS","Q","Lighting Fixtures"
"78Q","K420","FRANKLIN K. LANE HS","Q","Student Toilets"
"78Q","Q023","QUEENS ACADEMY HS","Q","Exterior Masonry"
"78Q","Q023","QUEENS ACADEMY HS","Q","Roofs"
"78Q","Q400","AUGUST MARTIN HS","Q","Library Upgrade"
"78Q","Q400","AUGUST MARTIN HS","Q","Student Toilets"
"78Q","Q405","BAYSIDE HS","Q","Heating Plant Upgrade"
"78Q","Q405","BAYSIDE HS","Q","Lighting Fixtures"
"78Q","Q405","BAYSIDE HS","Q","Playground Redevelopment and TCU Removal"
"78Q","Q410","BEACH CHANNEL HS","Q","Athletic Fields"
"78Q","Q410","BEACH CHANNEL HS","Q","Interior Spaces"
"78Q","Q410","BEACH CHANNEL HS","Q","IP Surveillance Cameras"
"78Q","Q410","BEACH CHANNEL HS","Q","Lighting Fixtures"
"78Q","Q410","BEACH CHANNEL HS","Q","Student Toilets"
"78Q","Q411","BEACH CHANNEL AF","Q","Athletic Fields"
"78Q","Q415","BENJAMIN N. CARDOZO HS","Q","Accessibility"
"78Q","Q415","BENJAMIN N. CARDOZO HS","Q","Heating Plant Upgrade"
"78Q","Q415","BENJAMIN N. CARDOZO HS","Q","Lighting Fixtures"
"78Q","Q415","BENJAMIN N. CARDOZO HS","Q","Playground Redevelopment and TCU Removal"
"78Q","Q416","CARDOZO AF","Q","Athletic Fields"
"78Q","Q420","SPRINGFIELD GARDENS HS","Q","Lighting Fixtures"
"78Q","Q420","SPRINGFIELD GARDENS HS","Q","Paved Area-Concrete"
"78Q","Q420","SPRINGFIELD GARDENS HS","Q","Roofs"
"78Q","Q421","SPRINGFIELD GDNS HS AF","Q","Paved Area-Concrete"
"78Q","Q425","JOHN BOWNE HS","Q","Boiler Conversion"
"78Q","Q425","JOHN BOWNE HS","Q","Heating Plant Upgrade"
"78Q","Q425","JOHN BOWNE HS","Q","Lighting Fixtures"
"78Q","Q425","JOHN BOWNE HS","Q","Lighting Fixtures"
"78Q","Q425","JOHN BOWNE HS","Q","Ventilation"
"78Q","Q430","FRANCIS LEWIS HS","Q","Lighting Fixtures"
"78Q","Q435","MARTIN VAN BUREN HS","Q","Lighting Fixtures"
"78Q","Q435","MARTIN VAN BUREN HS","Q","Low-Voltage Electrical Systems"
"78Q","Q440","FOREST HILLS HS","Q","Accessibility"
"78Q","Q440","FOREST HILLS HS","Q","Auditorium Upgrade"
"78Q","Q440","FOREST HILLS HS","Q","Heating Plant Upgrade"
"78Q","Q440","FOREST HILLS HS","Q","Lighting Fixtures"
"78Q","Q441","FOREST HILLS AF","Q","Athletic Fields"
"78Q","Q445","WILLIAM C. BRYANT HS","Q","Gymnasium Upgrade"
"78Q","Q445","WILLIAM C. BRYANT HS","Q","Lighting Fixtures"
"78Q","Q445","WILLIAM C. BRYANT HS","Q","Playground Redevelopment and TCU Removal"
"78Q","Q445","WILLIAM C. BRYANT HS","Q","Student Toilets"
"78Q","Q446","BRYANT AF","Q","Athletic Fields"
"78Q","Q450","NEWCOMERS HIGH SCHOOL (OLD LIC)","Q","Boiler Conversion"
"78Q","Q450","NEWCOMERS HIGH SCHOOL (OLD LIC)","Q","Heating Plant Upgrade"
"78Q","Q452","LONG ISLAND CITY HS (NEW)","Q","Exterior Masonry"
"78Q","Q452","LONG ISLAND CITY HS (NEW)","Q","Flood Elimination"
"78Q","Q452","LONG ISLAND CITY HS (NEW)","Q","Low-Voltage Electrical Systems"
"78Q","Q452","LONG ISLAND CITY HS (NEW)","Q","Roofs"
"78Q","Q455","NEWTOWN HS","Q","Lighting Fixtures"
"78Q","Q455","NEWTOWN HS","Q","Lighting Fixtures"
"78Q","Q455","NEWTOWN HS","Q","School Improvement and Restructuring"
"78Q","Q455","NEWTOWN HS","Q","Student Toilets"
"78Q","Q460","FLUSHING HS","Q","Heating Plant Upgrade"
"78Q","Q460","FLUSHING HS","Q","Heating Plant Upgrade"
"78Q","Q460","FLUSHING HS","Q","Lighting Fixtures"
"78Q","Q460","FLUSHING HS","Q","Student Toilets"
"78Q","Q465","FAR ROCKAWAY HS","Q","Cafeteria / Multipurpose Room Upgrade"
"78Q","Q465","FAR ROCKAWAY HS","Q","Exterior Masonry"
"78Q","Q465","FAR ROCKAWAY HS","Q","IP Surveillance Cameras"
"78Q","Q465","FAR ROCKAWAY HS","Q","Lighting Fixtures"
"78Q","Q465","FAR ROCKAWAY HS","Q","Parapets"
"78Q","Q465","FAR ROCKAWAY HS","Q","Reinforcing Support Elements"
"78Q","Q465","FAR ROCKAWAY HS","Q","Roofs"
"78Q","Q465","FAR ROCKAWAY HS","Q","Student Toilets"
"78Q","Q465","FAR ROCKAWAY HS","Q","Windows"
"78Q","Q470","JAMAICA HS","Q","Cafeteria / Multipurpose Room Upgrade"
"78Q","Q470","JAMAICA HS","Q","Exterior Masonry"
"78Q","Q470","JAMAICA HS","Q","Student Toilets"
"78Q","Q475","RICHMOND HILL HS","Q","Cafeteria / Multipurpose Room Upgrade"
"78Q","Q475","RICHMOND HILL HS","Q","Code Compliance"
"78Q","Q475","RICHMOND HILL HS","Q","Heating Plant Upgrade"
"78Q","Q475","RICHMOND HILL HS","Q","Lighting Fixtures"
"78Q","Q475","RICHMOND HILL HS","Q","Playground Redevelopment and TCU Removal"
"78Q","Q475","RICHMOND HILL HS","Q","School Improvement and Restructuring"
"78Q","Q475","RICHMOND HILL HS","Q","Student Toilets"
"78Q","Q480","JOHN ADAMS HS","Q","Heating Plant Upgrade"
"78Q","Q480","JOHN ADAMS HS","Q","IP Surveillance Cameras"
"78Q","Q480","JOHN ADAMS HS","Q","Lighting Fixtures"
"78Q","Q480","JOHN ADAMS HS","Q","Playground Redevelopment and TCU Removal"
"78Q","Q485","GROVER CLEVELAND HS","Q","Heating Plant Upgrade"
"78Q","Q485","GROVER CLEVELAND HS","Q","Lighting Fixtures"
"78Q","Q488","CLEVELAND AF NO. 2","Q","Athletic Fields"
"78Q","Q505","HILLCREST HS","Q","Cafeteria / Multipurpose Room Upgrade"
"78Q","Q505","HILLCREST HS","Q","Heating Plant Upgrade"
"78Q","Q515","TOWNSEND HARRIS HS","Q","Accessibility"
"78Q","Q566","QNS HS OF TEACH., LIB. ARTS&SCI","Q","Accessibility"
"78Q","Q567","GLEN OAKS CAMPUS FACILITY","Q","Athletic Fields"
"78Q","Q595","AUX. SERV. - JAMAICA LEARN CT","Q","Playground Redevelopment and TCU Removal"
"78Q","Q595","AUX. SERV. - JAMAICA LEARN CT","Q","Student Toilets"
"78Q","Q600","QUEENS VOC HS","Q","Lighting Fixtures"
"78Q","Q610","AVIATION HS","Q","Exterior Masonry"
"78Q","Q610","AVIATION HS","Q","Fire System Sprinklers"
"78Q","Q610","AVIATION HS","Q","Flood Elimination"
"78Q","Q610","AVIATION HS","Q","Gymnasium Upgrade"
"78Q","Q610","AVIATION HS","Q","Parapets"
"78Q","Q610","AVIATION HS","Q","Roofs"
"78Q","Q610","AVIATION HS","Q","Windows"
"78Q","Q620","THOMAS A. EDISON VOC HS","Q","Heating Plant Upgrade"
"78Q","Q620","THOMAS A. EDISON VOC HS","Q","Lighting Fixtures"
"78Q","Q620","THOMAS A. EDISON VOC HS","Q","Roofs"
"78Q","Q680","YOUNG WOMENS' LEADERSHIP SCHOOL","Q","Heating Plant Upgrade"
"78Q","Q725","HS FOR INFORMATION TECH","Q","Lighting Fixtures"
"78Q","Q781","JOHN ADAMS HS ANNEX","Q","Lighting Fixtures"
"78Q","Q798","BACCALAUREATE SCL FOR GLOBAL ED","Q","Heating Plant Upgrade"
"78Q","Q859","REGION 3 / ROC C","Q","Air Conditioning Split System"
"78Q","Q859","REGION 3 / ROC C","Q","Lighting Fixtures"
"78R","R435","NEW DORP HS (NEW)","R","Climate Control"
"78R","R435","NEW DORP HS (NEW)","R","Gymnasium Upgrade"
"78R","R435","NEW DORP HS (NEW)","R","Heating Plant Upgrade"
"78R","R435","NEW DORP HS (NEW)","R","Lighting Fixtures"
"78R","R440","STATEN ISLAND TECHNICAL HS","R","Auditorium Upgrade"
"78R","R440","STATEN ISLAND TECHNICAL HS","R","Student Toilets"
"78R","R445","PORT RICHMOND HS","R","Heating Plant Upgrade"
"78R","R445","PORT RICHMOND HS","R","Lighting Fixtures"
"78R","R445","PORT RICHMOND HS","R","Playground Redevelopment and TCU Removal"
"78R","R450","CURTIS HS","R","Heating Plant Upgrade"
"78R","R450","CURTIS HS ADDITION","R","Lighting Fixtures"
"78R","R451","CURTIS HS AF","R","Athletic Fields"
"78R","R455","TOTTENVILLE HS","R","Heating Plant Upgrade"
"78R","R455","TOTTENVILLE HS","R","Student Toilets"
"78R","R460","SUSAN E. WAGNER HS","R","Elevators and Escalators"
"78R","R460","SUSAN E. WAGNER HS","R","Exterior Masonry"
"78R","R460","SUSAN E. WAGNER HS","R","Heating Plant Upgrade"
"78R","R460","SUSAN E. WAGNER HS","R","Heating Plant Upgrade"
"78R","R460","SUSAN E. WAGNER HS","R","Lighting Fixtures"
"78R","R460","SUSAN E. WAGNER HS","R","Lighting Fixtures"
"78R","R460","SUSAN E. WAGNER HS","R","Safety Systems"
"78R","R600","RALPH MCKEE VOC HS","R","Heating Plant Upgrade"
"78R","R600","RALPH MCKEE VOC HS","R","Lighting Fixtures"
"78X","X039","NEW SCH FOR ARTS AND SCIENCE","X","Heating Plant Upgrade"
"78X","X039","NEW SCH FOR ARTS AND SCIENCE","X","Student Toilets"
"78X","X362","I.S./H.S. 362","X","Accessibility"
"78X","X392","THE CASITA MARIA CENTER FOR ARTS AND","X","Heating Plant Upgrade"
"78X","X400","MORRIS HS","X","Flood Elimination"
"78X","X400","MORRIS HS","X","Heating Plant Upgrade"
"78X","X400","MORRIS HS","X","Interior Spaces"
"78X","X400","MORRIS HS","X","Lighting Fixtures"
"78X","X400","MORRIS HS","X","Lighting Fixtures"
"78X","X400","MORRIS HS","X","Paved Area-Concrete"
"78X","X400","MORRIS HS","X","Roofs"
"78X","X400","MORRIS HS","X","Student Toilets"
"78X","X400","MORRIS HS","X","Windows"
"78X","X401","BRONX REGIONAL HS (OLD 133)","X","Student Toilets"
"78X","X405","HERBERT H. LEHMAN HS","X","Air Conditioning Split System"
"78X","X405","HERBERT H. LEHMAN HS","X","Domestic Piping"
"78X","X405","HERBERT H. LEHMAN HS","X","Interior Spaces"
"78X","X405","HERBERT H. LEHMAN HS","X","Lighting Fixtures"
"78X","X405","HERBERT H. LEHMAN HS","X","Student Toilets"
"78X","X410","WILLIAM H. TAFT HS","X","IP Surveillance Cameras"
"78X","X410","WILLIAM H. TAFT HS","X","Student Toilets"
"78X","X415","CHRISTOPHER COLUMBUS HS","X","Cafeteria / Multipurpose Room Upgrade"
"78X","X415","CHRISTOPHER COLUMBUS HS","X","Exterior Masonry"
"78X","X415","CHRISTOPHER COLUMBUS HS","X","IP Surveillance Cameras"
"78X","X415","CHRISTOPHER COLUMBUS HS","X","Parapets"
"78X","X415","CHRISTOPHER COLUMBUS HS","X","Student Toilets"
"78X","X420","JAMES MONROE CAMPUS","X","Cafeteria / Multipurpose Room Upgrade"
"78X","X420","JAMES MONROE CAMPUS","X","Climate Control"
"78X","X420","JAMES MONROE CAMPUS","X","Flood Elimination"
"78X","X420","JAMES MONROE CAMPUS","X","Heating Plant Upgrade"
"78X","X420","JAMES MONROE CAMPUS","X","Lighting Fixtures"
"78X","X420","JAMES MONROE CAMPUS","X","Parapets"
"78X","X420","JAMES MONROE CAMPUS","X","Roofs"
"78X","X420","JAMES MONROE CAMPUS","X","Windows"
"78X","X425","EVANDER CHILDS HS","X","Heating Plant Upgrade"
"78X","X425","EVANDER CHILDS HS","X","IP Surveillance Cameras"
"78X","X425","EVANDER CHILDS HS","X","Lighting Fixtures"
"78X","X425","EVANDER CHILDS HS","X","Playground Redevelopment"
"78X","X425","EVANDER CHILDS HS","X","Student Toilets"
"78X","X425","EVANDER CHILDS HS","X","Ventilation"
"78X","X430","WALTON HS","X","IP Surveillance Cameras"
"78X","X435","THEODORE ROOSEVELT HS","X","IP Surveillance Cameras"
"78X","X435","THEODORE ROOSEVELT HS","X","Student Toilets"
"78X","X440","DEWITT CLINTON HS","X","Exterior Masonry"
"78X","X440","DEWITT CLINTON HS","X","Flood Elimination"
"78X","X440","DEWITT CLINTON HS","X","Lighting Fixtures"
"78X","X440","DEWITT CLINTON HS","X","Parapets"
"78X","X440","DEWITT CLINTON HS","X","Roofs"
"78X","X440","DEWITT CLINTON HS","X","Student Toilets"
"78X","X445","BRONX HS OF SCIENCE","X","Heating Plant Upgrade"
"78X","X445","BRONX HS OF SCIENCE","X","Lighting Fixtures"
"78X","X445","BRONX HS OF SCIENCE","X","Lighting Fixtures"
"78X","X445","BRONX HS OF SCIENCE","X","Parapets"
"78X","X450","ADLAI E. STEVENSON HS","X","Exterior Masonry"
"78X","X450","ADLAI E. STEVENSON HS","X","Gymnasium Upgrade"
"78X","X450","ADLAI E. STEVENSON HS","X","IP Surveillance Cameras"
"78X","X450","ADLAI E. STEVENSON HS","X","Kitchen Areas"
"78X","X450","ADLAI E. STEVENSON HS","X","Lighting Fixtures"
"78X","X450","ADLAI E. STEVENSON HS","X","Roofs"
"78X","X450","ADLAI E. STEVENSON HS","X","Safety Systems"
"78X","X450","ADLAI E. STEVENSON HS","X","Student Toilets"
"78X","X451","STEVENSON HS AF","X","Athletic Fields"
"78X","X455","HARRY S. TRUMAN HS","X","Air Conditioning Split System"
"78X","X455","HARRY S. TRUMAN HS","X","Exterior Masonry"
"78X","X455","HARRY S. TRUMAN HS","X","Lighting Fixtures"
"78X","X455","HARRY S. TRUMAN HS","X","Parapets"
"78X","X455","HARRY S. TRUMAN HS","X","Student Toilets"
"78X","X460","HS OF LAW, GOV'T & JUSTICE","X","Accessibility"
"78X","X470","SOUTH BRONX HS (OLD 38)","X","Lighting Fixtures"
"78X","X470","SOUTH BRONX HS (OLD 38)","X","Student Toilets"
"78X","X475","JOHN F. KENNEDY HS","X","Flood Elimination"
"78X","X475","JOHN F. KENNEDY HS","X","Heating Plant Upgrade"
"78X","X475","JOHN F. KENNEDY HS","X","IP Surveillance Cameras"
"78X","X475","JOHN F. KENNEDY HS","X","Lighting Fixtures"
"78X","X475","JOHN F. KENNEDY HS","X","Lighting Fixtures"
"78X","X475","JOHN F. KENNEDY HS","X","Parapets"
"78X","X475","JOHN F. KENNEDY HS","X","Playground Redevelopment and TCU Removal"
"78X","X475","JOHN F. KENNEDY HS","X","Roofs"
"78X","X475","JOHN F. KENNEDY HS","X","Student Toilets"
"78X","X476","KENNEDY AF","X","Athletic Fields"
"78X","X600","ALFRED E. SMITH HS","X","Cafeteria / Multipurpose Room Upgrade"
"78X","X600","ALFRED E. SMITH HS","X","Heating Plant Upgrade"
"78X","X600","ALFRED E. SMITH HS","X","Heating Plant Upgrade"
"78X","X600","ALFRED E. SMITH HS","X","Student Toilets"
"78X","X650","JANE ADDAMS HS","X","Auditorium Upgrade"
"78X","X660","GRACE H. DODGE VOC HS","X","Lighting Fixtures"
"78X","X790","MOTT HAVEN EDUCATIONAL CAMPUS","X","IP Surveillance Cameras"
"78X","X963","CROTONA ACADEMY","X","Playground Redevelopment and TCU Removal"
