District,Building_ID,School_Name,Type_of_Work,Borough,Constr_Start_FY
"04","M112","P.S. 112 (TANDEM M206)","Electrical Systems","Manhattan","2015"
"04","M112","P.S. 112 (TANDEM M206)","Flood Elimination","Manhattan","2015"
"04","M112","P.S. 112 (TANDEM M206)","Heating Plant Upgrade","Manhattan","2015"
"04","M112","P.S. 112 (TANDEM M206)","Interior Spaces","Manhattan","2015"
"15","K015","P.S. 15","Domestic Piping","Brooklyn","2015"
"15","K015","P.S. 15","Electrical Systems","Brooklyn","2015"
"15","K015","P.S. 15","Flood Elimination","Brooklyn","2015"
"15","K015","P.S. 15","Heating Plant Upgrade","Brooklyn","2015"
"15","K015","P.S. 15","Interior Spaces","Brooklyn","2015"
"15","K015","P.S. 15","Ventilation","Brooklyn","2015"
"18","K211","I.S. 211","Electrical Systems","Brooklyn","2015"
"18","K211","I.S. 211","Flood Elimination","Brooklyn","2015"
"18","K211","I.S. 211","Heating Plant Upgrade","Brooklyn","2015"
"18","K211","I.S. 211","Interior Spaces","Brooklyn","2015"
"18","K276","P.S. 276","Flood Elimination","Brooklyn","2015"
"18","K276","P.S. 276","Heating Plant Upgrade","Brooklyn","2015"
"18","K276","P.S. 276","Interior Spaces","Brooklyn","2015"
"18","K276","P.S. 276","Low-Voltage Electrical Systems","Brooklyn","2015"
"18","K276","P.S. 276","Paved Area-Blacktop","Brooklyn","2015"
"18","K279","P.S. 279","Domestic Piping","Brooklyn","2015"
"18","K279","P.S. 279","Electrical Systems","Brooklyn","2015"
"18","K279","P.S. 279","Elevators and Escalators","Brooklyn","2015"
"18","K279","P.S. 279","Flood Elimination","Brooklyn","2015"
"18","K279","P.S. 279","Heating Plant Upgrade","Brooklyn","2015"
"18","K279","P.S. 279","Interior Spaces","Brooklyn","2015"
"18","K279","P.S. 279","Low-Voltage Electrical Systems","Brooklyn","2015"
"18","K279","P.S. 279","Playground Redevelopment","Brooklyn","2015"
"18","K279","P.S. 279","Ventilation","Brooklyn","2015"
"21","K043","I.S. 98","Auditorium Upgrade","Brooklyn","2015"
"21","K043","I.S. 98","Flood Elimination","Brooklyn","2015"
"21","K043","I.S. 98","Heating Plant Upgrade","Brooklyn","2015"
"21","K043","I.S. 98","Interior Spaces","Brooklyn","2015"
"21","K043","I.S. 98","Low-Voltage Electrical Systems","Brooklyn","2015"
"21","K090","P.S. 90","Electrical Systems","Brooklyn","2015"
"21","K090","P.S. 90","Flood Elimination","Brooklyn","2015"
"21","K090","P.S. 90","Heating Plant Upgrade","Brooklyn","2015"
"21","K090","P.S. 90","Interior Spaces","Brooklyn","2015"
"21","K090","P.S. 90","Roofs","Brooklyn","2015"
"21","K090","P.S. 90","Ventilation","Brooklyn","2015"
"21","K188","P.S. 188","Electrical Systems","Brooklyn","2015"
"21","K188","P.S. 188","Flood Elimination","Brooklyn","2015"
"21","K188","P.S. 188","Heating Plant Upgrade","Brooklyn","2015"
"21","K188","P.S. 188","Interior Spaces","Brooklyn","2015"
"21","K188","P.S. 188","Low-Voltage Electrical Systems","Brooklyn","2015"
"21","K188","P.S. 188","Ventilation","Brooklyn","2015"
"21","K239","I.S. 239","Electrical Systems","Brooklyn","2015"
"21","K239","I.S. 239","Flood Elimination","Brooklyn","2015"
"21","K239","I.S. 239","Heating Plant Upgrade","Brooklyn","2015"
"21","K239","I.S. 239","Interior Spaces","Brooklyn","2015"
"21","K239","I.S. 239","Low-Voltage Electrical Systems","Brooklyn","2015"
"21","K239","I.S. 239","Reinforcing Cinder Concrete","Brooklyn","2015"
"21","K253","P.S. 253","Flood Elimination","Brooklyn","2015"
"21","K253","P.S. 253","Heating Plant Upgrade","Brooklyn","2015"
"21","K253","P.S. 253","Paved Area-Blacktop","Brooklyn","2015"
"21","K281","I.S. 281","Elevators and Escalators","Brooklyn","2015"
"21","K281","I.S. 281","Flood Elimination","Brooklyn","2015"
"21","K281","I.S. 281","Low-Voltage Electrical Systems","Brooklyn","2015"
"21","K288","P.S. 288","Electrical Systems","Brooklyn","2015"
"21","K288","P.S. 288","Flood Elimination","Brooklyn","2015"
"21","K288","P.S. 288","Heating Plant Upgrade","Brooklyn","2015"
"21","K288","P.S. 288","Interior Spaces","Brooklyn","2015"
"21","K303","I.S. 303","Electrical Systems","Brooklyn","2015"
"21","K303","I.S. 303","Flood Elimination","Brooklyn","2015"
"21","K303","I.S. 303","Heating Plant Upgrade","Brooklyn","2015"
"21","K303","I.S. 303","Interior Spaces","Brooklyn","2015"
"21","K303","I.S. 303","Ventilation","Brooklyn","2015"
"21","K329","P.S. 329","Air Conditioning Retrofit","Brooklyn","2015"
"21","K329","P.S. 329","Electrical Systems","Brooklyn","2015"
"21","K329","P.S. 329","Elevators and Escalators","Brooklyn","2015"
"21","K329","P.S. 329","Flood Elimination","Brooklyn","2015"
"21","K329","P.S. 329","Heating Plant Upgrade","Brooklyn","2015"
"21","K329","P.S. 329","Interior Spaces","Brooklyn","2015"
"21","K329","P.S. 329","Playground Redevelopment","Brooklyn","2015"
"21","K329","P.S. 329","Ventilation","Brooklyn","2015"
"21","K329","P.S. 329","Waste System","Brooklyn","2015"
"22","K195","P.S. 195","Electrical Systems","Brooklyn","2015"
"22","K195","P.S. 195","Flood Elimination","Brooklyn","2015"
"22","K195","P.S. 195","Heating Plant Upgrade","Brooklyn","2015"
"22","K195","P.S. 195","Heating Plant Upgrade","Brooklyn","2015"
"22","K195","P.S. 195","Interior Spaces","Brooklyn","2015"
"22","K254","P.S. 254","Electrical Systems","Brooklyn","2015"
"22","K254","P.S. 254","Flood Elimination","Brooklyn","2015"
"22","K254","P.S. 254","Heating Plant Upgrade","Brooklyn","2015"
"22","K849","P.S. 134","Roofs","Brooklyn","2015"
"27","Q042","P.S. 42","Electrical Systems","Queens","2015"
"27","Q042","P.S. 42","Flood Elimination","Queens","2015"
"27","Q042","P.S. 42","Heating Plant Upgrade","Queens","2015"
"27","Q042","P.S. 42","Interior Spaces","Queens","2015"
"27","Q042","P.S. 42","Ventilation","Queens","2015"
"27","Q042","P.S. 42","Waste System","Queens","2015"
"27","Q043","P.S. 43","Elevators and Escalators","Queens","2015"
"27","Q043","P.S. 43","Flood Elimination","Queens","2015"
"27","Q043","P.S. 43","Heating Plant Upgrade","Queens","2015"
"27","Q043","P.S. 43","Interior Spaces","Queens","2015"
"27","Q043","P.S. 43","Roofs","Queens","2015"
"27","Q047","P.S. 47","Electrical Systems","Queens","2015"
"27","Q047","P.S. 47","Flood Elimination","Queens","2015"
"27","Q047","P.S. 47","Interior Spaces","Queens","2015"
"27","Q047","P.S. 47","Ventilation","Queens","2015"
"27","Q105","P.S. 105","Auditorium Upgrade","Queens","2015"
"27","Q105","P.S. 105","Domestic Piping","Queens","2015"
"27","Q105","P.S. 105","Electrical Systems","Queens","2015"
"27","Q105","P.S. 105","Flood Elimination","Queens","2015"
"27","Q105","P.S. 105","Heating Plant Upgrade","Queens","2015"
"27","Q105","P.S. 105","Interior Spaces","Queens","2015"
"27","Q105","P.S. 105","Paved Area-Blacktop","Queens","2015"
"27","Q105","P.S. 105","Ventilation","Queens","2015"
"27","Q106","P.S. 106","Flood Elimination","Queens","2015"
"27","Q106","P.S. 106","Heating Plant Upgrade","Queens","2015"
"27","Q106","P.S. 106","Interior Spaces","Queens","2015"
"27","Q114","P.S. 114","Domestic Piping","Queens","2015"
"27","Q114","P.S. 114","Electrical Systems","Queens","2015"
"27","Q114","P.S. 114","Flood Elimination","Queens","2015"
"27","Q114","P.S. 114","Heating Plant Upgrade","Queens","2015"
"27","Q114","P.S. 114","Interior Spaces","Queens","2015"
"27","Q114","P.S. 114","Playground Redevelopment","Queens","2015"
"27","Q114","P.S. 114","Ventilation","Queens","2015"
"27","Q146","P.S. 146","Electrical Systems","Queens","2015"
"27","Q146","P.S. 146","Flood Elimination","Queens","2015"
"27","Q146","P.S. 146","Interior Spaces","Queens","2015"
"27","Q146","P.S. 146","Playgrounds","Queens","2015"
"27","Q146","P.S. 146","Ventilation","Queens","2015"
"27","Q180","I.S. 323 (OLD IS 180)","Air Conditioning Retrofit","Queens","2015"
"27","Q180","I.S. 323 (OLD IS 180)","Electrical Systems","Queens","2015"
"27","Q180","I.S. 323 (OLD IS 180)","Flood Elimination","Queens","2015"
"27","Q180","I.S. 323 (OLD IS 180)","Heating Plant Upgrade","Queens","2015"
"27","Q180","I.S. 323 (OLD IS 180)","Interior Spaces","Queens","2015"
"27","Q183","P.S. 183","Electrical Systems","Queens","2015"
"27","Q183","P.S. 183","Flood Elimination","Queens","2015"
"27","Q183","P.S. 183","Heating Plant Upgrade","Queens","2015"
"27","Q183","P.S. 183","Interior Spaces","Queens","2015"
"27","Q198","I.S. 198","Electrical Systems","Queens","2015"
"27","Q198","I.S. 198","Flood Elimination","Queens","2015"
"27","Q198","I.S. 198","Heating Plant Upgrade","Queens","2015"
"27","Q198","I.S. 198","Reinforcing Cinder Concrete","Queens","2015"
"27","Q207","P.S. 207","Flood Elimination","Queens","2015"
"27","Q207","P.S. 207","Heating Plant Upgrade","Queens","2015"
"27","Q207","P.S. 207","Interior Spaces","Queens","2015"
"27","Q207","P.S. 207","Low-Voltage Electrical Systems","Queens","2015"
"27","Q207","P.S. 207","Paved Area-Blacktop","Queens","2015"
"27","Q225","P.S. 225","Electrical Systems","Queens","2015"
"27","Q225","P.S. 225","Flood Elimination","Queens","2015"
"27","Q225","P.S. 225","Heating Plant Upgrade","Queens","2015"
"27","Q225","P.S. 225","Interior Spaces","Queens","2015"
"27","Q806","P.S. 106 MINISCHOOL","Paved Area-Blacktop","Queens","2017"
"27","Q907","P.S. 43 ANNEX","Flood Elimination","Queens","2015"
"27","Q907","P.S. 43 ANNEX","Interior Spaces","Queens","2015"
"29","Q195","P.S. 195","Electrical Systems","Queens","2015"
"29","Q195","P.S. 195","Flood Elimination","Queens","2015"
"29","Q195","P.S. 195","Heating Plant Upgrade","Queens","2015"
"29","Q195","P.S. 195","Interior Spaces","Queens","2015"
"29","Q195","P.S. 195","Reinforcing Support Elements","Queens","2015"
"31","R002","I.S. 2","Electrical Systems","Staten Island","2015"
"31","R002","I.S. 2","Flood Elimination","Staten Island","2015"
"31","R002","I.S. 2","Heating Plant Upgrade","Staten Island","2015"
"31","R002","I.S. 2","Interior Spaces","Staten Island","2015"
"31","R052","P.S. 52","Electrical Systems","Staten Island","2015"
"31","R052","P.S. 52","Flood Elimination","Staten Island","2015"
"31","R052","P.S. 52","Heating Plant Upgrade","Staten Island","2015"
"31","R052","P.S. 52","Interior Spaces","Staten Island","2015"
"31","R052","P.S. 52","Playground Redevelopment","Staten Island","2015"
"31","R052","P.S. 52","Ventilation","Staten Island","2015"
"33Q","Q801","OSSS / DSF","Electrical Systems","Queens","2017"
"33Q","Q801","OSSS / DSF","Elevators and Escalators","Queens","2017"
"33Q","Q801","OSSS / DSF","Fire System Sprinklers","Queens","2017"
"33Q","Q801","OSSS / DSF","Flood Elimination","Queens","2017"
"33Q","Q801","OSSS / DSF","Heating Plant Upgrade","Queens","2017"
"33Q","Q801","OSSS / DSF","Interior Spaces","Queens","2017"
"33Q","Q801","OSSS / DSF","Low-Voltage Electrical Systems","Queens","2017"
"78K","K400","LAFAYETTE EDUCATIONAL","Domestic Piping","Brooklyn","2016"
"78K","K400","LAFAYETTE EDUCATIONAL","Flood Elimination","Brooklyn","2016"
"78K","K400","LAFAYETTE EDUCATIONAL","Heating Plant Upgrade","Brooklyn","2016"
"78K","K400","LAFAYETTE EDUCATIONAL","Interior Spaces","Brooklyn","2016"
"78K","K410","ABRAHAM LINCOLN HS","Electrical Systems","Brooklyn","2015"
"78K","K410","ABRAHAM LINCOLN HS","Flood Elimination","Brooklyn","2015"
"78K","K410","ABRAHAM LINCOLN HS","Interior Spaces","Brooklyn","2015"
"78K","K410","ABRAHAM LINCOLN HS","Ventilation","Brooklyn","2015"
"78K","K411","LINCOLN HS AF","Athletic Fields","Brooklyn","2015"
"78K","K411","LINCOLN HS AF","Electrical Systems","Brooklyn","2015"
"78K","K411","LINCOLN HS AF","Flood Elimination","Brooklyn","2015"
"78K","K411","LINCOLN HS AF","Interior Spaces","Brooklyn","2015"
"78K","K540","JOHN DEWEY HS","Electrical Systems","Brooklyn","2015"
"78K","K540","JOHN DEWEY HS","Interior Spaces","Brooklyn","2015"
"78K","K620","WILLIAM E. GRADY VOC HS","Athletic Fields","Brooklyn","2015"
"78K","K620","WILLIAM E. GRADY VOC HS","Domestic Piping","Brooklyn","2015"
"78K","K620","WILLIAM E. GRADY VOC HS","Electrical Systems","Brooklyn","2015"
"78K","K620","WILLIAM E. GRADY VOC HS","Flood Elimination","Brooklyn","2015"
"78K","K620","WILLIAM E. GRADY VOC HS","Heating Plant Upgrade","Brooklyn","2015"
"78M","M097","BARD COLLEGE HS (OLD","Exterior Masonry","Manhattan","2016"
"78M","M097","BARD COLLEGE HS (OLD","Flood Elimination","Manhattan","2016"
"78Q","Q410","BEACH CHANNEL","Domestic Piping","Queens","2015"
"78Q","Q410","BEACH CHANNEL","Electrical Systems","Queens","2015"
"78Q","Q410","BEACH CHANNEL","Flood Elimination","Queens","2015"
"78Q","Q410","BEACH CHANNEL","Heating Plant Upgrade","Queens","2015"
"78Q","Q410","BEACH CHANNEL","Interior Spaces","Queens","2015"
"78X","X405","HERBERT H. LEHMAN HS","Electrical Systems","Bronx","2015"
"78X","X405","HERBERT H. LEHMAN HS","Flood Elimination","Bronx","2015"
"78X","X405","HERBERT H. LEHMAN HS","Heating Plant Upgrade","Bronx","2015"
"78X","X405","HERBERT H. LEHMAN HS","Paved Area-Blacktop","Bronx","2015"
"78X","X405","HERBERT H. LEHMAN HS","Waste System","Bronx","2015"
