District,Building_ID,Org_ID,School_Name,Borough,Project_Description
"08","X036","NA","P.S. 36","Bronx","FULL PROGRAM ACCESSIBILITY"
"08","X048","NA","P.S. 48","Bronx","FULL PROGRAM ACCESSIBILITY"
"09","X235","NA","P.S./I.S. 218","Bronx","ADA SHELTER COMPLIANCE"
"10","X080","NA","I.S. 80/P.S. 280","Bronx","ADA SHELTER COMPLIANCE"
"10","X115","NA","I.S. 399 (OLD X HS/115)","Bronx","PARTIAL ACCESSIBILITY"
"11","X127","NA","I.S. 127","Bronx","FULL PROGRAM ACCESSIBILITY"
"78X","X362","NA","I.S./H.S. 362","Bronx","ADA SHELTER COMPLIANCE"
"78X","X460","NA","HS OF LAW, GOV'T & JUSTICE","Bronx","ADA SHELTER COMPLIANCE"
"15","K024","NA","P.S. 24","Brooklyn","ADA SHELTER COMPLIANCE"
"15","K321","NA","P.S. 321","Brooklyn","FULL PROGRAM ACCESSIBILITY"
"16","K026","NA","P.S. 26","Brooklyn","FULL PROGRAM ACCESSIBILITY"
"16","K035","NA","I.S. 35","Brooklyn","FULL PROGRAM ACCESSIBILITY"
"16","K040","NA","P.S. 40","Brooklyn","PARTIAL ACCESSIBILTY"
"17","K289","NA","P.S. 289","Brooklyn","ADA SHELTER COMPLIANCE"
"19","K007","NA","P.S. 7","Brooklyn","ADA SHELTER COMPLIANCE"
"19","K346","NA","P.S. 346","Brooklyn","FULL ACCESSIBILITY"
"20","K314","NA","P.S. 314","Brooklyn","ADA SHELTER COMPLIANCE"
"20","K331","NA","P.S./I.S. 30 MARY WHITE OVINGTON","Brooklyn","ADA SHELTER COMPLIANCE"
"23","K055","NA","I.S. 55","Brooklyn","ADA SHELTER COMPLIANCE"
"32","K145","NA","P.S. 145","Brooklyn","ADA SHELTER COMPLIANCE"
"32","K383","NA","I.S. 383","Brooklyn","ADA SHELTER COMPLIANCE"
"78K","K313","NA","ADAMS STREET EDUCATIONAL CAMPUS","Brooklyn","ADA SHELTER COMPLIANCE"
"78K","K430","NA","BROOKLYN TECH HS","Brooklyn","ADA SHELTER COMPLIANCE"
"78K","K590","NA","MIDDLE COLLEGE HS","Brooklyn","ADA SHELTER COMPLIANCE"
"03","M118","NA","I.S. 118","Manhattan","ADA SHELTER COMPLIANCE"
"03","M144","NA","P.S. 242 (OLD P144)","Manhattan","ADA RAMPS"
"04","M083","NA","P.S. 83","Manhattan","FULL PROGRAM ACCESSIBILITY"
"05","M125","NA","P.S. 125","Manhattan","ADA SHELTER COMPLIANCE"
"06","M090","NA","I.S. 90","Manhattan","ADA SHELTER COMPLIANCE"
"78M","M488","NA","MIDTOWN EAST CAMPUS","Manhattan","ADA SHELTER COMPLIANCE"
"78M","M600","NA","FASHION INDUSTRIES VOC HS","Manhattan","PARTIAL ACCESSIBILITY"
"24","Q058","NA","P.S. 58","Queens","ADA SHELTER COMPLIANCE"
"24","Q239","NA","P.S. 239","Queens","ADA SHELTER COMPLIANCE"
"25","Q185","NA","J.H.S. 185","Queens","ADA SHELTER COMPLIANCE"
"28","Q190","NA","J.H.S. 190","Queens","ADA SHELTER COMPLIANCE"
"29","Q268","NA","P.S. 268","Queens","ADA SHELTER COMPLIANCE"
"30","Q149","NA","P.S. 149","Queens","ADA SHELTER COMPLIANCE"
"75Q","Q009","NA","P.S. 9 (W REED SCHOOL)","Queens","PARTIAL ACCESSIBILITY"
"78Q","K420","NA","FRANKLIN K. LANE HS","Queens","ADA SHELTER COMPLIANCE"
"78Q","Q415","NA","Q415","BENJAMIN N. CARDOZO HS","Queens","FULL ACCESSIBILITY"
"78Q","Q440","NA","FOREST HILLS HS","Queens","ADA SHELTER COMPLIANCE"
"78Q","Q515","NA","TOWNSEND HARRIS HS","Queens","ADA SHELTER COMPLIANCE"
"78Q","Q566","NA","QNS HS OF TEACH., LIB. ARTS&SCI","Queens","ADA SHELTER COMPLIANCE"
"78Q","Q610","NA","AVIATION HS","Queens","PARTIAL ACCESSIBILITY"
"31","R034","NA","I.S. 34 (OLD TOTTENVILLE)","Staten Island","FULL PROGRAM ACCESSIBILITY"
"31","R058","NA","P.S. 58","Staten Island","ADA SHELTER COMPLIANCE"
"75R","R722","NA","P.S. 722 (OTC)","Staten Island","PARTIAL ACCESSIBILITY"
"78R","R445","NA","PORT RICHMOND HS","Staten Island","ELEVATOR UPGRADE"
