District,Bld_ID,School_Name,Boro,Program_Category,Reason
"8","X071","P.S. 71","X","Toilets-Students","Alternate Project Prioritized"
"9","X082","I.S. 232","X","Toilets-Students","Alternate Project Prioritized"
"24","Q068","P.S. 68","Q","Auditorium Upgrade","Alternate Project Prioritized"
"24","Q071","P.S. 71","Q","Toilets-Students","Alternate Project Prioritized"
"24","Q071","P.S. 71","Q","Toilets-Staff","Alternate Project Prioritized"
"27","Q210","I.S. 210","Q","Cafeteria / Multipurpose Room Upgrade","Alternate Project Prioritized"
"29","Q138","P.S. 138","Q","Auditorium Upgrade","Alternate Project Prioritized"
"78X","X451","STEVENSON AF","X","Athletic Fields","Alternate Project Prioritized"
"1","M110","P.S. 110","M","Lighting Fixtures","No Capital Work Required"
"6","M132","P.S. 132","M","Low-Voltage Electrical Systems","No Capital Work Required"
"6","M132","P.S. 132","M","Heating Plant Upgrade","No Capital Work Required"
"6","M847","P.S. 178 MINISCHOOL","M","Low-Voltage Electrical Systems","No Capital Work Required"
"9","X053","P.S. 53","X","Lighting Fixtures","No Capital Work Required"
"10","X059","P.S. 59","X","Lighting Fixtures","No Capital Work Required"
"11","X189","P.S./I.S. 189 (@STEENWICK AVE)","X","Exterior Masonry","No Capital Work Required"
"12","X098","I.S. 98","X","Lighting Fixtures","No Capital Work Required"
"15","K763","P.S. 118 MAURICE SENDAK COMMUNITY","K","Lighting Fixtures","No Capital Work Required"
"18","K276","P.S. 276","K","Electrical Systems","No Capital Work Required"
"18","K279","P.S. 279","K","Reinforcing Support Elements","No Capital Work Required"
"21","K188","P.S. 188","K","Reinforcing Cinder Concrete Slabs","No Capital Work Required"
"21","K239","I.S. 239","K","Climate Control","No Capital Work Required"
"21","K239","I.S. 239","K","Lighting Fixtures","No Capital Work Required"
"21","K253","P.S. 253","K","Climate Control","No Capital Work Required"
"21","K253","P.S. 253","K","Interior Spaces","No Capital Work Required"
"21","K288","P.S. 288","K","Playground Redevelopment","No Capital Work Required"
"21","K329","P.S. 329","K","Reinforcing Cinder Concrete Slabs","No Capital Work Required"
"22","K195","P.S. 195","K","Heating Plant Upgrade","No Capital Work Required"
"22","K254","P.S. 254","K","Climate Control","No Capital Work Required"
"22","K254","P.S. 254","K","Interior Spaces","No Capital Work Required"
"27","Q042","P.S. 42","Q","Reinforcing Cinder Concrete Slabs","No Capital Work Required"
"27","Q043","P.S. 43","Q","Playgrounds","No Capital Work Required"
"27","Q106","P.S. 106","Q","Climate Control","No Capital Work Required"
"27","Q106","P.S. 106","Q","Electrical Systems","No Capital Work Required"
"27","Q114","P.S. 114","Q","Auditorium Upgrade","No Capital Work Required"
"27","Q146","P.S. 146","Q","Domestic Piping","No Capital Work Required"
"27","Q183","P.S. 183","Q","Climate Control","No Capital Work Required"
"27","Q907","P.S. 43 ANNEX","Q","Elevators and Escalators","No Capital Work Required"
"27","Q920","P.S. 43 TRANSPORTABLE","Q","Exterior Masonry","No Capital Work Required"
"27","Q920","P.S. 43 TRANSPORTABLE","Q","Electrical Systems","No Capital Work Required"
"27","Q920","P.S. 43 TRANSPORTABLE","Q","Interior Spaces","No Capital Work Required"
"28","Q160","P.S. 160","Q","Climate Control","No Capital Work Required"
"28","Q160","P.S. 160","Q","Heating Plant Upgrade","No Capital Work Required"
"31","R002","I.S. 2","R","Heating Plant Upgrade","No Capital Work Required"
"33K","K801","CENT HEADQTRS (65 COURT)","K","Lighting Fixtures","No Capital Work Required"
"75M","M751","P.S. 751 (CAR.DEV/OLD 25)","M","Toilets-Students","No Capital Work Required"
"75M","M841","P.S. 811 (OLD P148/LIVINGS HS)","M","Lighting Fixtures","No Capital Work Required"
"78K","K400","LAFAYETTE HS","K","Climate Control","No Capital Work Required"
"78K","K430","BROOKLYN TECH HS","K","Heating Plant Upgrade","No Capital Work Required"
"78K","K620","WILLIAM E. GRADY VOC HS","K","Interior Spaces","No Capital Work Required"
"78M","M646","SCL COOP TECH ED (MNH VOC HS)","M","Lighting Fixtures","No Capital Work Required"
"78M","M837","ISHS @ M837","M","Lighting Fixtures","No Capital Work Required"
"78Q","Q410","BEACH CHANNEL HS","Q","Heating Plant Upgrade","No Capital Work Required"
"78Q","Q781","JOHN ADAMS HS ANNEX","Q","Lighting Fixtures","No Capital Work Required"
"78X","X405","HERBERT H. LEHMAN HS","X","Reinforcing Cinder Concrete Slabs","No Capital Work Required"
"78X","X600","ALFRED E. SMITH HS","X","Lighting Fixtures","No Capital Work Required"
"7","X855","P.S. 30 ANNEX","X","Lighting Fixtures","Reclassified"
"8","X048","P.S. 48","X","Lighting Fixtures","Reclassified"
"9","X870","P.S. 70 MINISCHOOL","X","Lighting Fixtures","Reclassified"
"13","K044","P.S. 44","K","Boiler Conversion","Reclassified"
"13","K044","P.S. 44","K","Climate Control","Reclassified"
"13","K056","P.S. 56","K","Boiler Conversion","Reclassified"
"13","K056","P.S. 56","K","Climate Control","Reclassified"
"18","K219","P.S. 219","K","Lighting Fixtures","Reclassified"
"18","K242","P.S. 235 ANNEX","K","Lighting Fixtures","Reclassified"
"21","K043","I.S. 98","K","Low-Voltage Electrical Systems","Reclassified"
"21","K043","I.S. 98","K","Domestic Piping","Reclassified"
"22","K152","P.S. 152","K","Lighting Fixtures","Reclassified"
"26","Q031","P.S. 31","Q","Boiler Conversion","Reclassified"
"26","Q031","P.S. 31","Q","Climate Control","Reclassified"
"29","Q131","P.S. 131","Q","Flood Elimination","Reclassified"
"31","R848","P.S. 42 ANNEX","R","Lighting Fixtures","Reclassified"
"32","K045","P.S. 45","K","Lighting Fixtures","Reclassified"
"75Q","Q816","P.S. 256 ANNEX","Q","Climate Control","Reclassified"
"75Q","Q816","P.S. 256 ANNEX","Q","Flood Elimination","Reclassified"
"75Q","Q816","P.S. 256 ANNEX","Q","Interior Spaces","Reclassified"
"75Q","Q816","P.S. 256 ANNEX","Q","Electrical Systems","Reclassified"
"75Q","Q816","P.S. 256 ANNEX","Q","Heating Plant Upgrade","Reclassified"
"75Q","Q816","P.S. 256 ANNEX","Q","Gymnasium Upgrade","Reclassified"
"75Q","Q816","P.S. 256 ANNEX","Q","Playgrounds","Reclassified"
"78K","K500","CANARSIE HS","K","Boiler Conversion","Reclassified"
"78K","K500","CANARSIE HS","K","Climate Control","Reclassified"
"78Q","Q410","BEACH CHANNEL HS","Q","Athletic Fields","Reclassified"
"78X","X440","DEWITT CLINTON HS","X","Lighting Fixtures","Reclassified"
"8","X869","P.S. 69 MINISCHOOL","X","Lighting Fixtures","Work Previously Completed"
"9","X109","P.S. 109","X","Heating Plant Upgrade","Work Previously Completed"
"21","K281","I.S. 281","K","Room Conversions/Partitioning","Work Previously Completed"
"25","Q168","J.H.S. 168","Q","Boiler Conversion","Work Previously Completed"
"25","Q168","J.H.S. 168","Q","Climate Control","Work Previously Completed"
"28","Q278","PS 182 ANNEX","Q","Lighting Fixtures","Work Previously Completed"
"32","K383","I.S. 383","K","Boiler Conversion","Work Previously Completed"
"32","K383","I.S. 383","K","Climate Control","Work Previously Completed"
"78K","K410","ABRAHAM LINCOLN HS","K","Reinforcing Support Elements","Work Previously Completed"
"78M","M445","SEWARD PARK HS","M","Lighting Fixtures","Work Previously Completed"
