District,Building_ID,Org_ID,School_Name,Borough,Project_Description
"02","M158","NA","P.S. 158","Manhattan","SCIENCE LAB UPGRADE"
"03","M088","NA","I.S. 88","Manhattan","SCIENCE LAB UPGRADE"
"04","M072","NA","P.S. 72","Manhattan","SCIENCE LAB UPGRADE"
"04","M117","NA","J.H.S. 117","Manhattan","SCIENCE LAB UPGRADE"
"05","M010","NA","I.S. 10 (TANDEM M200)","Manhattan","SCIENCE LAB UPGRADE"
"05","M129","NA","P.S. 129","Manhattan","SCIENCE LAB UPGRADE"
"06","M143","NA","I.S. 143","Manhattan","SCIENCE LAB UPGRADE"
"06","M192","NA","P.S. 192","Manhattan","SCIENCE LAB UPGRADE"
"07","X149","NA","J.H.S. 149","Bronx","SCIENCE LAB UPGRADE"
"09","X117","NA","I.S. 117","Bronx","SCIENCE LAB UPGRADE"
"09","X117","NA","I.S. 117","Bronx","SCIENCE LAB UPGRADE"
"09","X166","NA","I.S. 166","Bronx","SCIENCE LAB UPGRADE"
"20","K220","NA","I.S. 220","Brooklyn","SCIENCE LAB UPGRADE"
"20","K223","NA","I.S. 223","Brooklyn","SCIENCE LAB UPGRADE"
"28","Q072","NA","J.H.S. 72","Queens","SCIENCE LAB UPGRADE"
"31","R034","NA","I.S. 34 (OLD TOTTENVILLE)","Staten Island","SCIENCE LAB UPGRADE"
"32","K111","NA","I.S. 111","Brooklyn","SCIENCE LAB UPGRADE"
"32","K111","NA","I.S. 111","Brooklyn","SCIENCE LAB UPGRADE"
"78K","K580","NA","GEORGE WESTINGHOUSE VOC HS","Brooklyn","SCIENCE LAB UPGRADE"
"78M","M620","NA","NORMAN THOMAS HS (ECF)","Manhattan","SCIENCE LAB UPGRADE"
"78X","X455","NA","HARRY S. TRUMAN HS","Bronx","SCIENCE LAB UPGRADE"
