District,Building_ID,School,Borough,Program_Category
"1","M110","P.S. 110","M","Toilets-Students"
"2","M011","P.S. 11","M","Swimming Pools"
"2","M116","P.S. 116","M","Boiler Conversion"
"2","M116","P.S. 116","M","Climate Control"
"2","M167","I.S. 167","M","Heating Plant Upgrade"
"2","M198","P.S. 198","M","Boiler Conversion"
"2","M198","P.S. 198","M","Climate Control"
"5","M125","P.S. 125","M","PA System"
"6","M008","P.S. 8","M","Heating Plant Upgrade"
"7","X161","P.S. 161","X","Heating Plant Upgrade"
"10","X026","P.S. 396","X","Boiler Conversion"
"10","X026","P.S. 396","X","Climate Control"
"10","X033","P.S. 33","X","Toilets-Students"
"10","X832","P.S. 32 MINISCHOOL","X","Ventilation"
"11","X127","I.S. 127","X","Heating Plant Upgrade"
"12","X129","I.S. 129 (PAIRED W P234)","X","Kitchen Areas"
"14","K017","P.S. 17","K","Floors"
"14","K126","J.H.S. 126","K","Heating Plant Upgrade"
"15","K015","P.S. 15","K","Lighting Fixtures"
"16","K035","I.S. 35","K","Parapets"
"16","K035","I.S. 35","K","Roofs"
"17","K241","P.S. 241","K","Toilets-Students"
"17","K246","I.S. 246","K","Air Conditioning Retrofit"
"17","K889","P.S. 189 MINISCHOOL","K","Ventilation"
"18","K285","I.S. 285","K","Toilets-Students"
"19","K214","P.S. 214","K","Toilets-Students"
"20","K048","P.S. 48","K","Flood Elimination"
"20","K062","I.S. 62","K","Heating Plant Upgrade"
"20","K229","P.S. 229","K","Domestic Piping"
"20","K807","P.S./ I.S. 163","K","Domestic Piping"
"22","K139","P.S. 139","K","Roofs"
"22","K206","P.S. 206","K","Toilets-Students"
"22","K269","P.S. 269","K","Toilets-Students"
"23","K073","P.S. 73","K","Electrical Systems"
"23","K275","I.S. 275","K","Auditorium Upgrade"
"23","K356","P.S. 156","K","Heating Plant Upgrade"
"25","Q107","P.S. 107","Q","Flood Elimination"
"26","Q098","P.S. 98","Q","Auditorium Upgrade"
"27","Q106","P.S. 106","Q","Low-Voltage Electrical Systems"
"31","R061","I.S. 61","R","Domestic Piping"
"32","K384","P.S. 384","K","Auditorium Upgrade"
"75X","X084","P.S. 811 (OLD I84)","X","Air Conditioning Retrofit"
"75X","X155","P.S. 754 (OLD IS155)","X","Heating Plant Upgrade"
"78K","K455","BOYS & GIRLS HS","K","Auditorium Upgrade"
"78K","K460","JOHN JAY HS","K","Auditorium Upgrade"
"78K","K500","CANARSIE HS","K","Toilets-Students"
"78K","K610","AUTOMOTIVE TRADES VOC HS","K","Domestic Piping"
"78K","K625","ROBESON HS COMP&BUS TC (A HML)","K","Gymnasium Upgrade"
"78K","K650","HARRY VANARSDALE VOC HS(WHITNEY)","K","Auditorium Upgrade"
"78M","M501","ARTHUR SCHOMBURG HS (IS 201)","M","Toilets-Students"
"78M","M520","MURRY BERGTRAUM HS (ECF)","M","Toilets-Students"
"78Q","Q411","BEACH CHANNEL AF","Q","Athletic Fields"
"78Q","Q859","H.S. 859","Q","Exterior Masonry"
"78R","R455","TOTTENVILLE HS","R","Emergency Lighting and Fire Safety Retrofits"
